0 verbose cli /data/data/com.termux/files/usr/bin/node /data/data/com.termux/files/usr/bin/npm
1 info using npm@11.18.0
2 info using node@v26.4.0
3 silly config load:file:/data/data/com.termux/files/usr/lib/node_modules/npm/npmrc
4 silly config load:file:/data/data/com.termux/files/home/.npmrc
5 silly config load:file:/data/data/com.termux/files/usr/etc/npmrc
6 verbose title npm install vercel
7 verbose argv "install" "--global" "vercel"
8 verbose logfile logs-max:10 dir:/data/data/com.termux/files/home/.npm/_logs/2026-08-02T16_15_22_905Z-
9 verbose logfile /data/data/com.termux/files/home/.npm/_logs/2026-08-02T16_15_22_905Z-debug-0.log
10 silly packumentCache heap:1047527424 maxSize:261881856 maxEntrySize:130940928
11 silly logfile start cleaning logs, removing 1 files
12 silly logfile done cleaning log files
13 silly idealTree buildDeps
14 silly fetch manifest vercel@*
15 silly packumentCache full:https://registry.npmjs.org/vercel cache-miss
16 http fetch GET https://registry.npmjs.org/vercel attempt 1 failed with ENOTFOUND
17 http fetch GET 200 https://registry.npmjs.org/vercel 23875ms attempt #2 (cache updated)
18 silly packumentCache full:https://registry.npmjs.org/vercel set size:undefined disposed:false
19 silly placeDep ROOT vercel@58.4.4 OK for:  want: *
20 silly fetch manifest zod@4.1.11
21 silly packumentCache full:https://registry.npmjs.org/zod cache-miss
22 silly fetch manifest jose@5.9.6
23 silly packumentCache full:https://registry.npmjs.org/jose cache-miss
24 silly fetch manifest luxon@^3.4.0
25 silly packumentCache full:https://registry.npmjs.org/luxon cache-miss
26 silly fetch manifest undici@5.29.0
27 silly packumentCache full:https://registry.npmjs.org/undici cache-miss
28 silly fetch manifest esbuild@0.27.0
29 silly packumentCache full:https://registry.npmjs.org/esbuild cache-miss
30 silly fetch manifest sandbox@3.4.0
31 silly packumentCache full:https://registry.npmjs.org/sandbox cache-miss
32 silly fetch manifest chokidar@4.0.0
33 silly packumentCache full:https://registry.npmjs.org/chokidar cache-miss
34 http fetch GET 200 https://registry.npmjs.org/luxon 238ms (cache revalidated)
35 silly packumentCache full:https://registry.npmjs.org/luxon set size:511002 disposed:false
36 silly fetch manifest smol-toml@1.5.2
37 silly packumentCache full:https://registry.npmjs.org/smol-toml cache-miss
38 http fetch GET 200 https://registry.npmjs.org/smol-toml 217ms (cache revalidated)
39 silly packumentCache full:https://registry.npmjs.org/smol-toml set size:82380 disposed:false
40 silly fetch manifest @vercel/go@3.10.2
41 silly packumentCache full:https://registry.npmjs.org/@vercel%2fgo cache-miss
42 http fetch GET 200 https://registry.npmjs.org/@vercel%2fgo 213ms (cache revalidated)
43 silly packumentCache full:https://registry.npmjs.org/@vercel%2fgo set size:1095770 disposed:false
44 silly fetch manifest @vercel/h3@0.1.116
45 silly packumentCache full:https://registry.npmjs.org/@vercel%2fh3 cache-miss
46 http fetch GET 200 https://registry.npmjs.org/chokidar 796ms (cache revalidated)
47 silly packumentCache full:https://registry.npmjs.org/chokidar set size:255902 disposed:false
48 silly fetch manifest @vercel/fun@1.3.0
49 silly packumentCache full:https://registry.npmjs.org/@vercel%2ffun cache-miss
50 http fetch GET 200 https://registry.npmjs.org/zod 840ms (cache revalidated)
51 silly packumentCache full:https://registry.npmjs.org/zod set size:3552562 disposed:false
52 silly fetch manifest @vercel/koa@0.1.90
53 silly packumentCache full:https://registry.npmjs.org/@vercel%2fkoa cache-miss
54 http fetch GET 200 https://registry.npmjs.org/esbuild 1053ms (cache revalidated)
55 silly packumentCache full:https://registry.npmjs.org/esbuild set size:1259608 disposed:false
56 silly fetch manifest @vercel/blob@2.4.0
57 silly packumentCache full:https://registry.npmjs.org/@vercel%2fblob cache-miss
58 http fetch GET 200 https://registry.npmjs.org/undici 1099ms (cache revalidated)
59 silly packumentCache full:https://registry.npmjs.org/undici set size:1490559 disposed:false
60 silly fetch manifest @vercel/hono@0.2.110
61 silly packumentCache full:https://registry.npmjs.org/@vercel%2fhono cache-miss
62 http fetch GET 200 https://registry.npmjs.org/sandbox 1184ms (cache updated)
63 silly packumentCache full:https://registry.npmjs.org/sandbox set size:undefined disposed:false
64 silly fetch manifest @vercel/next@4.20.5
65 silly packumentCache full:https://registry.npmjs.org/@vercel%2fnext cache-miss
66 http fetch GET 200 https://registry.npmjs.org/@vercel%2fh3 514ms (cache updated)
67 silly packumentCache full:https://registry.npmjs.org/@vercel%2fh3 set size:undefined disposed:false
68 silly fetch manifest @vercel/node@5.9.3
69 silly packumentCache full:https://registry.npmjs.org/@vercel%2fnode cache-miss
70 http fetch GET 200 https://registry.npmjs.org/@vercel%2ffun 553ms (cache revalidated)
71 silly packumentCache full:https://registry.npmjs.org/@vercel%2ffun set size:79726 disposed:false
72 silly fetch manifest @vercel/ruby@2.5.1
73 silly packumentCache full:https://registry.npmjs.org/@vercel%2fruby cache-miss
74 http fetch GET 200 https://registry.npmjs.org/jose 1403ms (cache updated)
75 silly packumentCache full:https://registry.npmjs.org/jose set size:undefined disposed:false
76 silly fetch manifest @vercel/rust@1.4.0
77 silly packumentCache full:https://registry.npmjs.org/@vercel%2frust cache-miss
78 http fetch GET 200 https://registry.npmjs.org/@vercel%2fblob 529ms (cache revalidated)
79 silly packumentCache full:https://registry.npmjs.org/@vercel%2fblob set size:1039693 disposed:false
80 silly fetch manifest jsonc-parser@3.3.1
81 silly packumentCache full:https://registry.npmjs.org/jsonc-parser cache-miss
82 http fetch GET 200 https://registry.npmjs.org/@vercel%2fkoa 785ms (cache updated)
83 silly packumentCache full:https://registry.npmjs.org/@vercel%2fkoa set size:undefined disposed:false
84 silly fetch manifest @vercel/elysia@0.1.107
85 silly packumentCache full:https://registry.npmjs.org/@vercel%2felysia cache-miss
86 http fetch GET 200 https://registry.npmjs.org/@vercel%2fhono 625ms (cache updated)
87 silly packumentCache full:https://registry.npmjs.org/@vercel%2fhono set size:undefined disposed:false
88 silly fetch manifest @vercel/nestjs@0.2.111
89 silly packumentCache full:https://registry.npmjs.org/@vercel%2fnestjs cache-miss
90 http fetch GET 200 https://registry.npmjs.org/@vercel%2fnode 596ms (cache updated)
91 silly packumentCache full:https://registry.npmjs.org/@vercel%2fnode set size:undefined disposed:false
92 silly fetch manifest @vercel/python@6.54.1
93 silly packumentCache full:https://registry.npmjs.org/@vercel%2fpython cache-miss
94 http fetch GET 200 https://registry.npmjs.org/jsonc-parser 322ms (cache revalidated)
95 silly packumentCache full:https://registry.npmjs.org/jsonc-parser set size:102715 disposed:false
96 silly fetch manifest @vercel/express@0.1.121
97 silly packumentCache full:https://registry.npmjs.org/@vercel%2fexpress cache-miss
98 http fetch GET 200 https://registry.npmjs.org/@vercel%2frust 549ms (cache revalidated)
99 silly packumentCache full:https://registry.npmjs.org/@vercel%2frust set size:161152 disposed:false
100 silly fetch manifest @vercel/fastify@0.1.110
101 silly packumentCache full:https://registry.npmjs.org/@vercel%2ffastify cache-miss
102 http fetch GET 200 https://registry.npmjs.org/@vercel%2fruby 626ms (cache revalidated)
103 silly packumentCache full:https://registry.npmjs.org/@vercel%2fruby set size:992972 disposed:false
104 silly fetch manifest @vercel/redwood@2.5.0
105 silly packumentCache full:https://registry.npmjs.org/@vercel%2fredwood cache-miss
106 http fetch GET 200 https://registry.npmjs.org/@vercel%2fnestjs 1092ms (cache updated)
107 silly packumentCache full:https://registry.npmjs.org/@vercel%2fnestjs set size:undefined disposed:false
108 silly fetch manifest @vercel/backends@0.8.30
109 silly packumentCache full:https://registry.npmjs.org/@vercel%2fbackends cache-miss
110 http fetch GET 200 https://registry.npmjs.org/@vercel%2felysia 1153ms (cache updated)
111 silly packumentCache full:https://registry.npmjs.org/@vercel%2felysia set size:undefined disposed:false
112 silly fetch manifest @vercel/cli-auth@0.3.1
113 silly packumentCache full:https://registry.npmjs.org/@vercel%2fcli-auth cache-miss
114 http fetch GET 200 https://registry.npmjs.org/@vercel%2fpython 1117ms (cache updated)
115 silly packumentCache full:https://registry.npmjs.org/@vercel%2fpython set size:undefined disposed:false
116 silly fetch manifest @vercel/hydrogen@1.4.0
117 silly packumentCache full:https://registry.npmjs.org/@vercel%2fhydrogen cache-miss
118 http fetch GET 200 https://registry.npmjs.org/@vercel%2fredwood 1094ms (cache revalidated)
119 silly packumentCache full:https://registry.npmjs.org/@vercel%2fredwood set size:984779 disposed:false
120 silly fetch manifest @vercel/container@0.1.0
121 silly packumentCache full:https://registry.npmjs.org/@vercel%2fcontainer cache-miss
122 http fetch GET 200 https://registry.npmjs.org/@vercel%2fexpress 1213ms (cache updated)
123 silly packumentCache full:https://registry.npmjs.org/@vercel%2fexpress set size:undefined disposed:false
124 silly fetch manifest @vercel/cli-config@0.2.1
125 silly packumentCache full:https://registry.npmjs.org/@vercel%2fcli-config cache-miss
126 http fetch GET 200 https://registry.npmjs.org/@vercel%2fnext 2029ms (cache updated)
127 silly packumentCache full:https://registry.npmjs.org/@vercel%2fnext set size:undefined disposed:false
128 silly fetch manifest @vercel/build-utils@13.36.3
129 silly packumentCache full:https://registry.npmjs.org/@vercel%2fbuild-utils cache-miss
130 http fetch GET 200 https://registry.npmjs.org/@vercel%2ffastify 1296ms (cache updated)
131 silly packumentCache full:https://registry.npmjs.org/@vercel%2ffastify set size:undefined disposed:false
132 silly fetch manifest @vercel/detect-agent@1.2.3
133 silly packumentCache full:https://registry.npmjs.org/@vercel%2fdetect-agent cache-miss
134 http fetch GET 200 https://registry.npmjs.org/@vercel%2fcli-auth 445ms (cache revalidated)
135 silly packumentCache full:https://registry.npmjs.org/@vercel%2fcli-auth set size:37788 disposed:false
136 silly fetch manifest @vercel/static-build@2.11.13
137 silly packumentCache full:https://registry.npmjs.org/@vercel%2fstatic-build cache-miss
138 http fetch GET 200 https://registry.npmjs.org/@vercel%2fbackends 481ms (cache updated)
139 silly packumentCache full:https://registry.npmjs.org/@vercel%2fbackends set size:undefined disposed:false
140 silly fetch manifest @vercel/remix-builder@5.9.1
141 silly packumentCache full:https://registry.npmjs.org/@vercel%2fremix-builder cache-miss
142 http fetch GET 200 https://registry.npmjs.org/@vercel%2fhydrogen 314ms (cache revalidated)
143 silly packumentCache full:https://registry.npmjs.org/@vercel%2fhydrogen set size:409047 disposed:false
144 silly fetch manifest @vercel/prepare-flags-definitions@0.3.0
145 silly packumentCache full:https://registry.npmjs.org/@vercel%2fprepare-flags-definitions cache-miss
146 http fetch GET 200 https://registry.npmjs.org/@vercel%2fcli-config 298ms (cache revalidated)
147 silly packumentCache full:https://registry.npmjs.org/@vercel%2fcli-config set size:54353 disposed:false
148 http fetch GET 200 https://registry.npmjs.org/@vercel%2fcontainer 366ms (cache revalidated)
149 silly packumentCache full:https://registry.npmjs.org/@vercel%2fcontainer set size:36412 disposed:false
150 http fetch GET 200 https://registry.npmjs.org/@vercel%2fdetect-agent 334ms (cache revalidated)
151 silly packumentCache full:https://registry.npmjs.org/@vercel%2fdetect-agent set size:47797 disposed:false
152 http fetch GET 200 https://registry.npmjs.org/@vercel%2fprepare-flags-definitions 428ms (cache revalidated)
153 silly packumentCache full:https://registry.npmjs.org/@vercel%2fprepare-flags-definitions set size:128463 disposed:false
154 http fetch GET 200 https://registry.npmjs.org/@vercel%2fremix-builder 507ms (cache revalidated)
155 silly packumentCache full:https://registry.npmjs.org/@vercel%2fremix-builder set size:360413 disposed:false
156 http fetch GET 200 https://registry.npmjs.org/@vercel%2fbuild-utils 675ms (cache updated)
157 silly packumentCache full:https://registry.npmjs.org/@vercel%2fbuild-utils set size:undefined disposed:false
158 http fetch GET 200 https://registry.npmjs.org/@vercel%2fstatic-build 669ms (cache updated)
159 silly packumentCache full:https://registry.npmjs.org/@vercel%2fstatic-build set size:undefined disposed:false
160 silly placeDep node_modules/vercel @vercel/backends@0.8.30 OK for: vercel@58.4.4 want: 0.8.30
161 silly placeDep node_modules/vercel @vercel/blob@2.4.0 OK for: vercel@58.4.4 want: 2.4.0
162 silly placeDep node_modules/vercel @vercel/build-utils@13.36.3 OK for: vercel@58.4.4 want: 13.36.3
163 silly placeDep node_modules/vercel @vercel/cli-auth@0.3.1 OK for: vercel@58.4.4 want: 0.3.1
164 silly placeDep node_modules/vercel @vercel/cli-config@0.2.1 OK for: vercel@58.4.4 want: 0.2.1
165 silly placeDep node_modules/vercel @vercel/container@0.1.0 OK for: vercel@58.4.4 want: 0.1.0
166 silly placeDep node_modules/vercel @vercel/detect-agent@1.2.3 OK for: vercel@58.4.4 want: 1.2.3
167 silly placeDep node_modules/vercel @vercel/elysia@0.1.107 OK for: vercel@58.4.4 want: 0.1.107
168 silly placeDep node_modules/vercel @vercel/express@0.1.121 OK for: vercel@58.4.4 want: 0.1.121
169 silly placeDep node_modules/vercel @vercel/fastify@0.1.110 OK for: vercel@58.4.4 want: 0.1.110
170 silly placeDep node_modules/vercel @vercel/fun@1.3.0 OK for: vercel@58.4.4 want: 1.3.0
171 silly placeDep node_modules/vercel @vercel/go@3.10.2 OK for: vercel@58.4.4 want: 3.10.2
172 silly placeDep node_modules/vercel @vercel/h3@0.1.116 OK for: vercel@58.4.4 want: 0.1.116
173 silly placeDep node_modules/vercel @vercel/hono@0.2.110 OK for: vercel@58.4.4 want: 0.2.110
174 silly placeDep node_modules/vercel @vercel/hydrogen@1.4.0 OK for: vercel@58.4.4 want: 1.4.0
175 silly placeDep node_modules/vercel @vercel/koa@0.1.90 OK for: vercel@58.4.4 want: 0.1.90
176 silly placeDep node_modules/vercel @vercel/nestjs@0.2.111 OK for: vercel@58.4.4 want: 0.2.111
177 silly placeDep node_modules/vercel @vercel/next@4.20.5 OK for: vercel@58.4.4 want: 4.20.5
178 silly placeDep node_modules/vercel @vercel/node@5.9.3 OK for: vercel@58.4.4 want: 5.9.3
179 silly placeDep node_modules/vercel @vercel/prepare-flags-definitions@0.3.0 OK for: vercel@58.4.4 want: 0.3.0
180 silly placeDep node_modules/vercel @vercel/python@6.54.1 OK for: vercel@58.4.4 want: 6.54.1
181 silly placeDep node_modules/vercel @vercel/redwood@2.5.0 OK for: vercel@58.4.4 want: 2.5.0
182 silly placeDep node_modules/vercel @vercel/remix-builder@5.9.1 OK for: vercel@58.4.4 want: 5.9.1
183 silly placeDep node_modules/vercel @vercel/ruby@2.5.1 OK for: vercel@58.4.4 want: 2.5.1
184 silly placeDep node_modules/vercel @vercel/rust@1.4.0 OK for: vercel@58.4.4 want: 1.4.0
185 silly placeDep node_modules/vercel @vercel/static-build@2.11.13 OK for: vercel@58.4.4 want: 2.11.13
186 silly placeDep node_modules/vercel chokidar@4.0.0 OK for: vercel@58.4.4 want: 4.0.0
187 silly placeDep node_modules/vercel esbuild@0.27.0 OK for: vercel@58.4.4 want: 0.27.0
188 silly placeDep node_modules/vercel jose@5.9.6 OK for: vercel@58.4.4 want: 5.9.6
189 silly placeDep node_modules/vercel jsonc-parser@3.3.1 OK for: vercel@58.4.4 want: 3.3.1
190 silly placeDep node_modules/vercel luxon@3.7.2 OK for: vercel@58.4.4 want: ^3.4.0
191 silly placeDep node_modules/vercel sandbox@3.4.0 OK for: vercel@58.4.4 want: 3.4.0
192 silly placeDep node_modules/vercel smol-toml@1.5.2 OK for: vercel@58.4.4 want: 1.5.2
193 silly placeDep node_modules/vercel undici@5.29.0 OK for: vercel@58.4.4 want: 5.29.0
194 silly placeDep node_modules/vercel zod@4.1.11 OK for: vercel@58.4.4 want: 4.1.11
195 silly fetch manifest tsx@4.21.0
196 silly packumentCache full:https://registry.npmjs.org/tsx cache-miss
197 silly fetch manifest zod@3.22.4
198 silly packumentCache full:https://registry.npmjs.org/zod cache-miss
199 silly fetch manifest srvx@0.11.16
200 silly packumentCache full:https://registry.npmjs.org/srvx cache-miss
201 silly fetch manifest execa@3.2.0
202 silly packumentCache full:https://registry.npmjs.org/execa cache-miss
203 silly fetch manifest fs-extra@11.1.0
204 silly packumentCache full:https://registry.npmjs.org/fs-extra cache-miss
205 silly fetch manifest get-port@5.1.1
206 silly packumentCache full:https://registry.npmjs.org/get-port cache-miss
207 silly fetch manifest rolldown@1.0.0-rc.1
208 silly packumentCache full:https://registry.npmjs.org/rolldown cache-miss
209 http cache https://registry.npmjs.org/zod 60ms (cache hit)
210 silly packumentCache full:https://registry.npmjs.org/zod set size:3552562 disposed:false
211 silly fetch manifest ts-morph@12.0.0
212 silly packumentCache full:https://registry.npmjs.org/ts-morph cache-miss
213 http fetch GET 200 https://registry.npmjs.org/fs-extra 271ms (cache revalidated)
214 silly packumentCache full:https://registry.npmjs.org/fs-extra set size:239581 disposed:false
215 silly fetch manifest @vercel/nft@1.10.0
216 silly packumentCache full:https://registry.npmjs.org/@vercel%2fnft cache-miss
217 http fetch GET 200 https://registry.npmjs.org/get-port 299ms (cache revalidated)
218 silly packumentCache full:https://registry.npmjs.org/get-port set size:47891 disposed:false
219 silly fetch manifest oxc-transform@0.111.0
220 silly packumentCache full:https://registry.npmjs.org/oxc-transform cache-miss
221 http fetch GET 200 https://registry.npmjs.org/execa 349ms (cache updated)
222 silly packumentCache full:https://registry.npmjs.org/execa set size:undefined disposed:false
223 silly fetch manifest path-to-regexp@8.3.0
224 silly packumentCache full:https://registry.npmjs.org/path-to-regexp cache-miss
225 http fetch GET 200 https://registry.npmjs.org/tsx 370ms (cache updated)
226 silly packumentCache full:https://registry.npmjs.org/tsx set size:undefined disposed:false
227 silly fetch manifest resolve.exports@2.0.3
228 silly packumentCache full:https://registry.npmjs.org/resolve.exports cache-miss
229 http fetch GET 200 https://registry.npmjs.org/srvx 392ms (cache updated)
230 silly packumentCache full:https://registry.npmjs.org/srvx set size:undefined disposed:false
231 silly fetch manifest @vercel/static-config@3.4.0
232 silly packumentCache full:https://registry.npmjs.org/@vercel%2fstatic-config cache-miss
233 http fetch GET 200 https://registry.npmjs.org/ts-morph 274ms (cache revalidated)
234 silly packumentCache full:https://registry.npmjs.org/ts-morph set size:540557 disposed:false
235 silly fetch manifest undici@^6.23.0
236 silly packumentCache full:https://registry.npmjs.org/undici cache-miss
237 http cache https://registry.npmjs.org/undici 18ms (cache hit)
238 silly packumentCache full:https://registry.npmjs.org/undici set size:1490559 disposed:false
239 silly fetch manifest is-buffer@^2.0.5
240 silly packumentCache full:https://registry.npmjs.org/is-buffer cache-miss
241 http fetch GET 200 https://registry.npmjs.org/@vercel%2fnft 260ms (cache revalidated)
242 silly packumentCache full:https://registry.npmjs.org/@vercel%2fnft set size:592204 disposed:false
243 silly fetch manifest throttleit@^2.1.0
244 silly packumentCache full:https://registry.npmjs.org/throttleit cache-miss
245 http fetch GET 200 https://registry.npmjs.org/oxc-transform 282ms (cache revalidated)
246 silly packumentCache full:https://registry.npmjs.org/oxc-transform set size:506130 disposed:false
247 silly fetch manifest async-retry@^1.3.3
248 silly packumentCache full:https://registry.npmjs.org/async-retry cache-miss
249 http fetch GET 200 https://registry.npmjs.org/resolve.exports 248ms (cache revalidated)
250 silly packumentCache full:https://registry.npmjs.org/resolve.exports set size:49558 disposed:false
251 silly fetch manifest is-node-process@^1.2.0
252 silly packumentCache full:https://registry.npmjs.org/is-node-process cache-miss
253 http fetch GET 200 https://registry.npmjs.org/path-to-regexp 271ms (cache revalidated)
254 silly packumentCache full:https://registry.npmjs.org/path-to-regexp set size:216334 disposed:false
255 silly fetch manifest es-module-lexer@1.5.0
256 silly packumentCache full:https://registry.npmjs.org/es-module-lexer cache-miss
257 http fetch GET 200 https://registry.npmjs.org/@vercel%2fstatic-config 246ms (cache revalidated)
258 silly packumentCache full:https://registry.npmjs.org/@vercel%2fstatic-config set size:190181 disposed:false
259 silly fetch manifest cjs-module-lexer@1.2.3
260 silly packumentCache full:https://registry.npmjs.org/cjs-module-lexer cache-miss
261 http fetch GET 200 https://registry.npmjs.org/rolldown 743ms (cache updated)
262 silly packumentCache full:https://registry.npmjs.org/rolldown set size:undefined disposed:false
263 silly fetch manifest @vercel/python-analysis@0.12.0
264 silly packumentCache full:https://registry.npmjs.org/@vercel%2fpython-analysis cache-miss
265 http fetch GET 200 https://registry.npmjs.org/is-buffer 374ms (cache revalidated)
266 silly packumentCache full:https://registry.npmjs.org/is-buffer set size:34803 disposed:false
267 silly fetch manifest open@8.4.0
268 silly packumentCache full:https://registry.npmjs.org/open cache-miss
269 http fetch GET 200 https://registry.npmjs.org/throttleit 350ms (cache revalidated)
270 silly packumentCache full:https://registry.npmjs.org/throttleit set size:15979 disposed:false
271 silly fetch manifest async-listen@3.0.0
272 silly packumentCache full:https://registry.npmjs.org/async-listen cache-miss
273 http fetch GET 200 https://registry.npmjs.org/async-retry 337ms (cache revalidated)
274 silly packumentCache full:https://registry.npmjs.org/async-retry set size:51916 disposed:false
275 silly fetch manifest @napi-rs/keyring@1.2.0
276 silly packumentCache full:https://registry.npmjs.org/@napi-rs%2fkeyring cache-miss
277 http fetch GET 200 https://registry.npmjs.org/is-node-process 317ms (cache revalidated)
278 silly packumentCache full:https://registry.npmjs.org/is-node-process set size:12779 disposed:false
279 silly fetch manifest xdg-app-paths@5
280 silly packumentCache full:https://registry.npmjs.org/xdg-app-paths cache-miss
281 http fetch GET 200 https://registry.npmjs.org/cjs-module-lexer 305ms (cache revalidated)
282 silly packumentCache full:https://registry.npmjs.org/cjs-module-lexer set size:147092 disposed:false
283 silly fetch manifest @vercel/cervel@0.1.38
284 silly packumentCache full:https://registry.npmjs.org/@vercel%2fcervel cache-miss
285 http fetch GET 200 https://registry.npmjs.org/es-module-lexer 329ms (cache revalidated)
286 silly packumentCache full:https://registry.npmjs.org/es-module-lexer set size:212402 disposed:false
287 silly fetch manifest ms@2.1.1
288 silly packumentCache full:https://registry.npmjs.org/ms cache-miss
289 http fetch GET 200 https://registry.npmjs.org/open 295ms (cache revalidated)
290 silly packumentCache full:https://registry.npmjs.org/open set size:136392 disposed:false
291 silly fetch manifest tar@7.5.7
292 silly packumentCache full:https://registry.npmjs.org/tar cache-miss
293 http fetch GET 200 https://registry.npmjs.org/xdg-app-paths 274ms (cache revalidated)
294 silly packumentCache full:https://registry.npmjs.org/xdg-app-paths set size:295911 disposed:false
295 silly fetch manifest debug@4.3.4
296 silly packumentCache full:https://registry.npmjs.org/debug cache-miss
297 http fetch GET 200 https://registry.npmjs.org/ms 276ms (cache revalidated)
298 silly packumentCache full:https://registry.npmjs.org/ms set size:92208 disposed:false
299 silly fetch manifest micro@9.3.5-canary.3
300 silly packumentCache full:https://registry.npmjs.org/micro cache-miss
301 http fetch GET 200 https://registry.npmjs.org/@napi-rs%2fkeyring 330ms (cache revalidated)
302 silly packumentCache full:https://registry.npmjs.org/@napi-rs%2fkeyring set size:66331 disposed:false
303 silly fetch manifest semver@7.5.4
304 silly packumentCache full:https://registry.npmjs.org/semver cache-miss
305 http fetch GET 200 https://registry.npmjs.org/@vercel%2fcervel 336ms (cache updated)
306 silly packumentCache full:https://registry.npmjs.org/@vercel%2fcervel set size:undefined disposed:false
307 silly fetch manifest tinyexec@0.3.2
308 silly packumentCache full:https://registry.npmjs.org/tinyexec cache-miss
309 http fetch GET 200 https://registry.npmjs.org/async-listen 395ms (cache revalidated)
310 silly packumentCache full:https://registry.npmjs.org/async-listen set size:27933 disposed:false
311 silly fetch manifest stat-mode@0.3.0
312 silly packumentCache full:https://registry.npmjs.org/stat-mode cache-miss
313 http fetch GET 200 https://registry.npmjs.org/@vercel%2fpython-analysis 511ms (cache revalidated)
314 silly packumentCache full:https://registry.npmjs.org/@vercel%2fpython-analysis set size:78092 disposed:false
315 silly fetch manifest tree-kill@1.2.2
316 silly packumentCache full:https://registry.npmjs.org/tree-kill cache-miss
317 http fetch GET 200 https://registry.npmjs.org/tar 195ms (cache revalidated)
318 silly packumentCache full:https://registry.npmjs.org/tar set size:591769 disposed:false
319 silly fetch manifest node-fetch@2.6.7
320 silly packumentCache full:https://registry.npmjs.org/node-fetch cache-miss
321 http fetch GET 200 https://registry.npmjs.org/micro 214ms (cache revalidated)
322 silly packumentCache full:https://registry.npmjs.org/micro set size:214765 disposed:false
323 silly fetch manifest promisepipe@3.0.0
324 silly packumentCache full:https://registry.npmjs.org/promisepipe cache-miss
325 http fetch GET 200 https://registry.npmjs.org/debug 258ms (cache revalidated)
326 silly packumentCache full:https://registry.npmjs.org/debug set size:195840 disposed:false
327 silly fetch manifest uid-promise@1.0.0
328 silly packumentCache full:https://registry.npmjs.org/uid-promise cache-miss
329 http fetch GET 200 https://registry.npmjs.org/semver 233ms (cache revalidated)
330 silly packumentCache full:https://registry.npmjs.org/semver set size:246069 disposed:false
331 silly fetch manifest async-listen@1.2.0
332 silly packumentCache full:https://registry.npmjs.org/async-listen cache-hit
333 silly fetch manifest generic-pool@3.4.2
334 silly packumentCache full:https://registry.npmjs.org/generic-pool cache-miss
335 http fetch GET 200 https://registry.npmjs.org/stat-mode 212ms (cache revalidated)
336 silly packumentCache full:https://registry.npmjs.org/stat-mode set size:18239 disposed:false
337 silly fetch manifest xdg-app-paths@5.1.0
338 silly packumentCache full:https://registry.npmjs.org/xdg-app-paths cache-hit
339 silly fetch manifest yauzl-promise@2.1.3
340 silly packumentCache full:https://registry.npmjs.org/yauzl-promise cache-miss
341 http fetch GET 200 https://registry.npmjs.org/tinyexec 248ms (cache updated)
342 silly packumentCache full:https://registry.npmjs.org/tinyexec set size:undefined disposed:false
343 silly fetch manifest path-to-regexp@8.2.0
344 silly packumentCache full:https://registry.npmjs.org/path-to-regexp cache-hit
345 silly fetch manifest @tootallnate/once@2.0.0
346 silly packumentCache full:https://registry.npmjs.org/@tootallnate%2fonce cache-miss
347 http fetch GET 200 https://registry.npmjs.org/node-fetch 192ms (cache revalidated)
348 silly packumentCache full:https://registry.npmjs.org/node-fetch set size:896010 disposed:false
349 silly fetch manifest stream-to-promise@2.2.0
350 silly packumentCache full:https://registry.npmjs.org/stream-to-promise cache-miss
351 http fetch GET 200 https://registry.npmjs.org/tree-kill 336ms (cache revalidated)
352 silly packumentCache full:https://registry.npmjs.org/tree-kill set size:24180 disposed:false
353 silly fetch manifest etag@1.8.1
354 silly packumentCache full:https://registry.npmjs.org/etag cache-miss
355 http fetch GET 200 https://registry.npmjs.org/generic-pool 205ms (cache revalidated)
356 silly packumentCache full:https://registry.npmjs.org/generic-pool set size:193866 disposed:false
357 silly fetch manifest undici@5.28.4
358 silly packumentCache full:https://registry.npmjs.org/undici cache-miss
359 http fetch GET 200 https://registry.npmjs.org/promisepipe 264ms (cache revalidated)
360 silly packumentCache full:https://registry.npmjs.org/promisepipe set size:15681 disposed:false
361 silly fetch manifest mime-types@2.1.35
362 silly packumentCache full:https://registry.npmjs.org/mime-types cache-miss
363 http fetch GET 200 https://registry.npmjs.org/uid-promise 255ms (cache revalidated)
364 silly packumentCache full:https://registry.npmjs.org/uid-promise set size:28461 disposed:false
365 silly fetch manifest node-fetch@2.6.9
366 silly packumentCache full:https://registry.npmjs.org/node-fetch cache-hit
367 silly fetch manifest typescript@npm:typescript@5.9.3
368 silly packumentCache full:https://registry.npmjs.org/typescript cache-miss
369 http fetch GET 200 https://registry.npmjs.org/yauzl-promise 222ms (cache revalidated)
370 silly packumentCache full:https://registry.npmjs.org/yauzl-promise set size:50300 disposed:false
371 silly fetch manifest @types/node@20.11.0
372 silly packumentCache full:https://registry.npmjs.org/@types%2fnode cache-miss
373 http cache https://registry.npmjs.org/undici 46ms (cache hit)
374 silly packumentCache full:https://registry.npmjs.org/undici set size:1490559 disposed:false
375 silly fetch manifest edge-runtime@2.5.9
376 silly packumentCache full:https://registry.npmjs.org/edge-runtime cache-miss
377 http fetch GET 200 https://registry.npmjs.org/stream-to-promise 217ms (cache revalidated)
378 silly packumentCache full:https://registry.npmjs.org/stream-to-promise set size:32426 disposed:false
379 silly fetch manifest path-to-regexp@6.1.0
380 silly packumentCache full:https://registry.npmjs.org/path-to-regexp cache-hit
381 silly fetch manifest es-module-lexer@1.4.1
382 silly packumentCache full:https://registry.npmjs.org/es-module-lexer cache-hit
383 silly fetch manifest @edge-runtime/vm@3.2.0
384 silly packumentCache full:https://registry.npmjs.org/@edge-runtime%2fvm cache-miss
385 http fetch GET 200 https://registry.npmjs.org/etag 189ms (cache revalidated)
386 silly packumentCache full:https://registry.npmjs.org/etag set size:30032 disposed:false
387 silly fetch manifest @vercel/error-utils@2.2.0
388 silly packumentCache full:https://registry.npmjs.org/@vercel%2ferror-utils cache-miss
389 http fetch GET 200 https://registry.npmjs.org/@tootallnate%2fonce 357ms (cache revalidated)
390 silly packumentCache full:https://registry.npmjs.org/@tootallnate%2fonce set size:21927 disposed:false
391 silly fetch manifest path-to-regexp-updated@npm:path-to-regexp@6.3.0
392 silly packumentCache full:https://registry.npmjs.org/path-to-regexp cache-hit
393 silly fetch manifest @edge-runtime/node-utils@2.3.0
394 silly packumentCache full:https://registry.npmjs.org/@edge-runtime%2fnode-utils cache-miss
395 http fetch GET 200 https://registry.npmjs.org/mime-types 279ms (cache revalidated)
396 silly packumentCache full:https://registry.npmjs.org/mime-types set size:139110 disposed:false
397 silly fetch manifest @edge-runtime/primitives@4.1.0
398 silly packumentCache full:https://registry.npmjs.org/@edge-runtime%2fprimitives cache-miss
399 http fetch GET 200 https://registry.npmjs.org/@types%2fnode 347ms (cache revalidated)
400 silly packumentCache full:https://registry.npmjs.org/@types%2fnode set size:11084776 disposed:false
401 silly fetch manifest semver@6.3.1
402 silly packumentCache full:https://registry.npmjs.org/semver cache-hit
403 silly fetch manifest @vercel/error-utils@2.2.0
404 silly packumentCache full:https://registry.npmjs.org/@vercel%2ferror-utils cache-miss
405 http fetch GET 200 https://registry.npmjs.org/@vercel%2ferror-utils 596ms (cache revalidated)
406 silly packumentCache full:https://registry.npmjs.org/@vercel%2ferror-utils set size:48452 disposed:false
407 silly fetch manifest execa@5
408 silly packumentCache full:https://registry.npmjs.org/execa cache-miss
409 http fetch GET 200 https://registry.npmjs.org/@edge-runtime%2fnode-utils 562ms (cache revalidated)
410 silly packumentCache full:https://registry.npmjs.org/@edge-runtime%2fnode-utils set size:45504 disposed:false
411 silly fetch manifest @vercel/gatsby-plugin-vercel-builder@2.2.33
412 silly packumentCache full:https://registry.npmjs.org/@vercel%2fgatsby-plugin-vercel-builder cache-miss
413 http fetch GET 200 https://registry.npmjs.org/@edge-runtime%2fvm 641ms (cache revalidated)
414 silly packumentCache full:https://registry.npmjs.org/@edge-runtime%2fvm set size:269934 disposed:false
415 silly fetch manifest @vercel/gatsby-plugin-vercel-analytics@1.0.11
416 silly packumentCache full:https://registry.npmjs.org/@vercel%2fgatsby-plugin-vercel-analytics cache-miss
417 http fetch GET 200 https://registry.npmjs.org/@edge-runtime%2fprimitives 492ms (cache revalidated)
418 silly packumentCache full:https://registry.npmjs.org/@edge-runtime%2fprimitives set size:307646 disposed:false
419 silly fetch manifest readdirp@^4.0.1
420 silly packumentCache full:https://registry.npmjs.org/readdirp cache-miss
421 http fetch GET 200 https://registry.npmjs.org/edge-runtime 754ms (cache revalidated)
422 silly packumentCache full:https://registry.npmjs.org/edge-runtime set size:342321 disposed:false
423 silly fetch manifest @esbuild/aix-ppc64@0.27.0
424 silly packumentCache full:https://registry.npmjs.org/@esbuild%2faix-ppc64 cache-miss
425 http cache https://registry.npmjs.org/execa 160ms (cache hit)
426 silly packumentCache full:https://registry.npmjs.org/execa set size:188760 disposed:false
427 silly fetch manifest @esbuild/linux-arm@0.27.0
428 silly packumentCache full:https://registry.npmjs.org/@esbuild%2flinux-arm cache-miss
429 http fetch GET 200 https://registry.npmjs.org/@vercel%2ferror-utils 616ms (cache revalidated)
430 silly packumentCache full:https://registry.npmjs.org/@vercel%2ferror-utils set size:48452 disposed:false
431 silly packumentCache full:https://registry.npmjs.org/@vercel%2ferror-utils dispose
432 silly fetch manifest @esbuild/linux-x64@0.27.0
433 silly packumentCache full:https://registry.npmjs.org/@esbuild%2flinux-x64 cache-miss
434 http fetch GET 200 https://registry.npmjs.org/readdirp 472ms (cache revalidated)
435 silly packumentCache full:https://registry.npmjs.org/readdirp set size:107589 disposed:false
436 silly fetch manifest @esbuild/sunos-x64@0.27.0
437 silly packumentCache full:https://registry.npmjs.org/@esbuild%2fsunos-x64 cache-miss
438 http fetch GET 200 https://registry.npmjs.org/@esbuild%2faix-ppc64 476ms (cache revalidated)
439 silly packumentCache full:https://registry.npmjs.org/@esbuild%2faix-ppc64 set size:65972 disposed:false
440 silly fetch manifest @esbuild/win32-x64@0.27.0
441 silly packumentCache full:https://registry.npmjs.org/@esbuild%2fwin32-x64 cache-miss
442 http fetch GET 200 https://registry.npmjs.org/@vercel%2fgatsby-plugin-vercel-analytics 592ms (cache revalidated)
443 silly packumentCache full:https://registry.npmjs.org/@vercel%2fgatsby-plugin-vercel-analytics set size:43830 disposed:false
444 silly fetch manifest @esbuild/darwin-x64@0.27.0
445 silly packumentCache full:https://registry.npmjs.org/@esbuild%2fdarwin-x64 cache-miss
446 http fetch GET 200 https://registry.npmjs.org/@esbuild%2flinux-arm 519ms (cache revalidated)
447 silly packumentCache full:https://registry.npmjs.org/@esbuild%2flinux-arm set size:196784 disposed:false
448 silly fetch manifest @esbuild/linux-ia32@0.27.0
449 silly packumentCache full:https://registry.npmjs.org/@esbuild%2flinux-ia32 cache-miss
450 http fetch GET 200 https://registry.npmjs.org/@vercel%2fgatsby-plugin-vercel-builder 915ms (cache updated)
451 silly packumentCache full:https://registry.npmjs.org/@vercel%2fgatsby-plugin-vercel-builder set size:undefined disposed:false
452 silly fetch manifest @esbuild/netbsd-x64@0.27.0
453 silly packumentCache full:https://registry.npmjs.org/@esbuild%2fnetbsd-x64 cache-miss
454 http fetch GET 200 https://registry.npmjs.org/@esbuild%2flinux-x64 592ms (cache revalidated)
455 silly packumentCache full:https://registry.npmjs.org/@esbuild%2flinux-x64 set size:197126 disposed:false
456 silly fetch manifest @esbuild/win32-ia32@0.27.0
457 silly packumentCache full:https://registry.npmjs.org/@esbuild%2fwin32-ia32 cache-miss
458 http fetch GET 200 https://registry.npmjs.org/@esbuild%2fsunos-x64 594ms (cache revalidated)
459 silly packumentCache full:https://registry.npmjs.org/@esbuild%2fsunos-x64 set size:197370 disposed:false
460 silly fetch manifest @esbuild/android-arm@0.27.0
461 silly packumentCache full:https://registry.npmjs.org/@esbuild%2fandroid-arm cache-miss
462 http fetch GET 200 https://registry.npmjs.org/@esbuild%2fwin32-x64 581ms (cache revalidated)
463 silly packumentCache full:https://registry.npmjs.org/@esbuild%2fwin32-x64 set size:195722 disposed:false
464 silly fetch manifest @esbuild/android-x64@0.27.0
465 silly packumentCache full:https://registry.npmjs.org/@esbuild%2fandroid-x64 cache-miss
466 http fetch GET 200 https://registry.npmjs.org/@esbuild%2flinux-ia32 503ms (cache revalidated)
467 silly packumentCache full:https://registry.npmjs.org/@esbuild%2flinux-ia32 set size:197805 disposed:false
468 silly fetch manifest @esbuild/freebsd-x64@0.27.0
469 silly packumentCache full:https://registry.npmjs.org/@esbuild%2ffreebsd-x64 cache-miss
470 http fetch GET 200 https://registry.npmjs.org/@esbuild%2fdarwin-x64 565ms (cache revalidated)
471 silly packumentCache full:https://registry.npmjs.org/@esbuild%2fdarwin-x64 set size:197848 disposed:false
472 silly fetch manifest @esbuild/linux-arm64@0.27.0
473 silly packumentCache full:https://registry.npmjs.org/@esbuild%2flinux-arm64 cache-miss
474 http fetch GET 200 https://registry.npmjs.org/@esbuild%2fnetbsd-x64 463ms (cache revalidated)
475 silly packumentCache full:https://registry.npmjs.org/@esbuild%2fnetbsd-x64 set size:195514 disposed:false
476 silly fetch manifest @esbuild/linux-ppc64@0.27.0
477 silly packumentCache full:https://registry.npmjs.org/@esbuild%2flinux-ppc64 cache-miss
478 http fetch GET 200 https://registry.npmjs.org/@esbuild%2fwin32-ia32 343ms (cache revalidated)
479 silly packumentCache full:https://registry.npmjs.org/@esbuild%2fwin32-ia32 set size:198030 disposed:false
480 silly fetch manifest @esbuild/linux-s390x@0.27.0
481 silly packumentCache full:https://registry.npmjs.org/@esbuild%2flinux-s390x cache-miss
482 http fetch GET 200 https://registry.npmjs.org/@esbuild%2fandroid-x64 323ms (cache revalidated)
483 silly packumentCache full:https://registry.npmjs.org/@esbuild%2fandroid-x64 set size:197200 disposed:false
484 silly fetch manifest @esbuild/openbsd-x64@0.27.0
485 silly packumentCache full:https://registry.npmjs.org/@esbuild%2fopenbsd-x64 cache-miss
486 http fetch GET 200 https://registry.npmjs.org/@esbuild%2fandroid-arm 343ms (cache revalidated)
487 silly packumentCache full:https://registry.npmjs.org/@esbuild%2fandroid-arm set size:223400 disposed:false
488 silly fetch manifest @esbuild/win32-arm64@0.27.0
489 silly packumentCache full:https://registry.npmjs.org/@esbuild%2fwin32-arm64 cache-miss
490 http fetch GET 200 https://registry.npmjs.org/@esbuild%2flinux-arm64 315ms (cache revalidated)
491 silly packumentCache full:https://registry.npmjs.org/@esbuild%2flinux-arm64 set size:198939 disposed:false
492 silly fetch manifest @esbuild/darwin-arm64@0.27.0
493 silly packumentCache full:https://registry.npmjs.org/@esbuild%2fdarwin-arm64 cache-miss
494 http fetch GET 200 https://registry.npmjs.org/@esbuild%2ffreebsd-x64 336ms (cache revalidated)
495 silly packumentCache full:https://registry.npmjs.org/@esbuild%2ffreebsd-x64 set size:198734 disposed:false
496 silly fetch manifest @esbuild/netbsd-arm64@0.27.0
497 silly packumentCache full:https://registry.npmjs.org/@esbuild%2fnetbsd-arm64 cache-miss
498 http fetch GET 200 https://registry.npmjs.org/typescript 2288ms (cache updated)
499 silly packumentCache full:https://registry.npmjs.org/typescript set size:undefined disposed:false
500 silly fetch manifest @esbuild/android-arm64@0.27.0
501 silly packumentCache full:https://registry.npmjs.org/@esbuild%2fandroid-arm64 cache-miss
502 http fetch GET 200 https://registry.npmjs.org/@esbuild%2flinux-ppc64 610ms (cache revalidated)
503 silly packumentCache full:https://registry.npmjs.org/@esbuild%2flinux-ppc64 set size:200994 disposed:false
504 silly fetch manifest @esbuild/freebsd-arm64@0.27.0
505 silly packumentCache full:https://registry.npmjs.org/@esbuild%2ffreebsd-arm64 cache-miss
506 http fetch GET 200 https://registry.npmjs.org/@esbuild%2fopenbsd-x64 700ms (cache revalidated)
507 silly packumentCache full:https://registry.npmjs.org/@esbuild%2fopenbsd-x64 set size:198745 disposed:false
508 silly fetch manifest @esbuild/linux-loong64@0.27.0
509 silly packumentCache full:https://registry.npmjs.org/@esbuild%2flinux-loong64 cache-miss
510 http fetch GET 200 https://registry.npmjs.org/@esbuild%2flinux-s390x 720ms (cache revalidated)
511 silly packumentCache full:https://registry.npmjs.org/@esbuild%2flinux-s390x set size:200463 disposed:false
512 silly fetch manifest @esbuild/linux-riscv64@0.27.0
513 silly packumentCache full:https://registry.npmjs.org/@esbuild%2flinux-riscv64 cache-miss
514 http fetch GET 200 https://registry.npmjs.org/@esbuild%2fwin32-arm64 706ms (cache revalidated)
515 silly packumentCache full:https://registry.npmjs.org/@esbuild%2fwin32-arm64 set size:199171 disposed:false
516 silly fetch manifest @esbuild/openbsd-arm64@0.27.0
517 silly packumentCache full:https://registry.npmjs.org/@esbuild%2fopenbsd-arm64 cache-miss
518 http fetch GET 200 https://registry.npmjs.org/@esbuild%2fdarwin-arm64 712ms (cache revalidated)
519 silly packumentCache full:https://registry.npmjs.org/@esbuild%2fdarwin-arm64 set size:199630 disposed:false
520 silly fetch manifest @esbuild/linux-mips64el@0.27.0
521 silly packumentCache full:https://registry.npmjs.org/@esbuild%2flinux-mips64el cache-miss
522 http fetch GET 200 https://registry.npmjs.org/@esbuild%2fnetbsd-arm64 715ms (cache revalidated)
523 silly packumentCache full:https://registry.npmjs.org/@esbuild%2fnetbsd-arm64 set size:42467 disposed:false
524 silly fetch manifest @esbuild/openharmony-arm64@0.27.0
525 silly packumentCache full:https://registry.npmjs.org/@esbuild%2fopenharmony-arm64 cache-miss
526 http fetch GET 200 https://registry.npmjs.org/@esbuild%2fandroid-arm64 294ms (cache revalidated)
527 silly packumentCache full:https://registry.npmjs.org/@esbuild%2fandroid-arm64 set size:202366 disposed:false
528 silly fetch manifest ws@^8.21.0
529 silly packumentCache full:https://registry.npmjs.org/ws cache-miss
530 http fetch GET 200 https://registry.npmjs.org/@esbuild%2ffreebsd-arm64 242ms (cache revalidated)
531 silly packumentCache full:https://registry.npmjs.org/@esbuild%2ffreebsd-arm64 set size:200534 disposed:false
532 silly fetch manifest zod@^4.1.1
533 silly packumentCache full:https://registry.npmjs.org/zod cache-miss
534 http cache https://registry.npmjs.org/zod 40ms (cache hit)
535 silly packumentCache full:https://registry.npmjs.org/zod set size:3552562 disposed:false
536 silly fetch manifest debug@^4.4.1
537 silly packumentCache full:https://registry.npmjs.org/debug cache-hit
538 silly fetch manifest async-retry@1.3.3
539 silly packumentCache full:https://registry.npmjs.org/async-retry cache-hit
540 silly fetch manifest @vercel/sandbox@2.4.0
541 silly packumentCache full:https://registry.npmjs.org/@vercel%2fsandbox cache-miss
542 http fetch GET 200 https://registry.npmjs.org/@esbuild%2flinux-riscv64 264ms (cache revalidated)
543 silly packumentCache full:https://registry.npmjs.org/@esbuild%2flinux-riscv64 set size:200662 disposed:false
544 silly fetch manifest @fastify/busboy@^2.0.0
545 silly packumentCache full:https://registry.npmjs.org/@fastify%2fbusboy cache-miss
546 http fetch GET 200 https://registry.npmjs.org/@esbuild%2flinux-loong64 312ms (cache revalidated)
547 silly packumentCache full:https://registry.npmjs.org/@esbuild%2flinux-loong64 set size:253896 disposed:false
548 http fetch GET 200 https://registry.npmjs.org/@esbuild%2flinux-mips64el 290ms (cache revalidated)
549 silly packumentCache full:https://registry.npmjs.org/@esbuild%2flinux-mips64el set size:202764 disposed:false
550 http fetch GET 200 https://registry.npmjs.org/@esbuild%2fopenbsd-arm64 313ms (cache revalidated)
551 silly packumentCache full:https://registry.npmjs.org/@esbuild%2fopenbsd-arm64 set size:47792 disposed:false
552 http fetch GET 200 https://registry.npmjs.org/@esbuild%2fopenharmony-arm64 290ms (cache revalidated)
553 silly packumentCache full:https://registry.npmjs.org/@esbuild%2fopenharmony-arm64 set size:31189 disposed:false
554 http fetch GET 200 https://registry.npmjs.org/ws 284ms (cache revalidated)
555 silly packumentCache full:https://registry.npmjs.org/ws set size:426754 disposed:false
556 http fetch GET 200 https://registry.npmjs.org/@fastify%2fbusboy 317ms (cache updated)
557 silly packumentCache full:https://registry.npmjs.org/@fastify%2fbusboy set size:undefined disposed:false
558 http fetch GET 200 https://registry.npmjs.org/@vercel%2fsandbox 420ms (cache updated)
559 silly packumentCache full:https://registry.npmjs.org/@vercel%2fsandbox set size:undefined disposed:false
560 silly placeDep node_modules/vercel @vercel/nft@1.10.0 OK for: @vercel/backends@0.8.30 want: 1.10.0
561 silly placeDep node_modules/vercel @vercel/static-config@3.4.0 OK for: @vercel/backends@0.8.30 want: 3.4.0
562 silly placeDep node_modules/vercel execa@3.2.0 OK for: @vercel/backends@0.8.30 want: 3.2.0
563 silly placeDep node_modules/vercel fs-extra@11.1.0 OK for: @vercel/backends@0.8.30 want: 11.1.0
564 silly placeDep node_modules/vercel get-port@5.1.1 OK for: @vercel/backends@0.8.30 want: 5.1.1
565 silly placeDep node_modules/vercel oxc-transform@0.111.0 OK for: @vercel/backends@0.8.30 want: 0.111.0
566 silly placeDep node_modules/vercel path-to-regexp@8.3.0 OK for: @vercel/backends@0.8.30 want: 8.3.0
567 silly placeDep node_modules/vercel resolve.exports@2.0.3 OK for: @vercel/backends@0.8.30 want: 2.0.3
568 silly placeDep node_modules/vercel rolldown@1.0.0-rc.1 OK for: @vercel/backends@0.8.30 want: 1.0.0-rc.1
569 silly placeDep node_modules/vercel srvx@0.11.16 OK for: @vercel/backends@0.8.30 want: 0.11.16
570 silly placeDep node_modules/vercel ts-morph@12.0.0 OK for: @vercel/backends@0.8.30 want: 12.0.0
571 silly placeDep node_modules/vercel tsx@4.21.0 OK for: @vercel/backends@0.8.30 want: 4.21.0
572 silly placeDep node_modules/vercel/node_modules/@vercel/backends zod@3.22.4 OK for: @vercel/backends@0.8.30 want: 3.22.4
573 silly fetch manifest glob@^13.0.0
574 silly packumentCache full:https://registry.npmjs.org/glob cache-miss
575 silly fetch manifest acorn@^8.6.0
576 silly packumentCache full:https://registry.npmjs.org/acorn cache-miss
577 silly fetch manifest bindings@^1.4.0
578 silly packumentCache full:https://registry.npmjs.org/bindings cache-miss
579 silly fetch manifest picomatch@^4.0.2
580 silly packumentCache full:https://registry.npmjs.org/picomatch cache-miss
581 silly fetch manifest async-sema@^3.1.1
582 silly packumentCache full:https://registry.npmjs.org/async-sema cache-miss
583 silly fetch manifest graceful-fs@^4.2.9
584 silly packumentCache full:https://registry.npmjs.org/graceful-fs cache-miss
585 silly fetch manifest resolve-from@^5.0.0
586 silly packumentCache full:https://registry.npmjs.org/resolve-from cache-miss
587 http fetch GET 200 https://registry.npmjs.org/glob 247ms (cache revalidated)
588 silly packumentCache full:https://registry.npmjs.org/glob set size:469465 disposed:false
589 silly fetch manifest estree-walker@2.0.2
590 silly packumentCache full:https://registry.npmjs.org/estree-walker cache-miss
591 http fetch GET 200 https://registry.npmjs.org/async-sema 270ms (cache revalidated)
592 silly packumentCache full:https://registry.npmjs.org/async-sema set size:46767 disposed:false
593 silly fetch manifest node-gyp-build@^4.2.2
594 silly packumentCache full:https://registry.npmjs.org/node-gyp-build cache-miss
595 http fetch GET 200 https://registry.npmjs.org/graceful-fs 287ms (cache revalidated)
596 silly packumentCache full:https://registry.npmjs.org/graceful-fs set size:124285 disposed:false
597 silly fetch manifest @rollup/pluginutils@^5.1.3
598 silly packumentCache full:https://registry.npmjs.org/@rollup%2fpluginutils cache-miss
599 http fetch GET 200 https://registry.npmjs.org/picomatch 302ms (cache revalidated)
600 silly packumentCache full:https://registry.npmjs.org/picomatch set size:128942 disposed:false
601 silly fetch manifest @mapbox/node-pre-gyp@^2.0.0
602 silly packumentCache full:https://registry.npmjs.org/@mapbox%2fnode-pre-gyp cache-miss
603 http fetch GET 200 https://registry.npmjs.org/resolve-from 321ms (cache revalidated)
604 silly packumentCache full:https://registry.npmjs.org/resolve-from set size:12911 disposed:false
605 silly fetch manifest acorn-import-attributes@^1.9.5
606 silly packumentCache full:https://registry.npmjs.org/acorn-import-attributes cache-miss
607 http fetch GET 200 https://registry.npmjs.org/bindings 335ms (cache revalidated)
608 silly packumentCache full:https://registry.npmjs.org/bindings set size:31303 disposed:false
609 silly fetch manifest ajv@8.6.3
610 silly packumentCache full:https://registry.npmjs.org/ajv cache-miss
611 http fetch GET 200 https://registry.npmjs.org/acorn 386ms (cache updated)
612 silly packumentCache full:https://registry.npmjs.org/acorn set size:undefined disposed:false
613 silly fetch manifest json-schema-to-ts@1.6.4
614 silly packumentCache full:https://registry.npmjs.org/json-schema-to-ts cache-miss
615 http fetch GET 200 https://registry.npmjs.org/estree-walker 255ms (cache revalidated)
616 silly packumentCache full:https://registry.npmjs.org/estree-walker set size:60887 disposed:false
617 silly fetch manifest onetime@^5.1.0
618 silly packumentCache full:https://registry.npmjs.org/onetime cache-miss
619 http fetch GET 200 https://registry.npmjs.org/@mapbox%2fnode-pre-gyp 239ms (cache revalidated)
620 silly packumentCache full:https://registry.npmjs.org/@mapbox%2fnode-pre-gyp set size:134009 disposed:false
621 silly fetch manifest is-stream@^2.0.0
622 silly packumentCache full:https://registry.npmjs.org/is-stream cache-miss
623 http fetch GET 200 https://registry.npmjs.org/node-gyp-build 282ms (cache revalidated)
624 silly packumentCache full:https://registry.npmjs.org/node-gyp-build set size:84545 disposed:false
625 silly fetch manifest p-finally@^2.0.0
626 silly packumentCache full:https://registry.npmjs.org/p-finally cache-miss
627 http fetch GET 200 https://registry.npmjs.org/acorn-import-attributes 249ms (cache revalidated)
628 silly packumentCache full:https://registry.npmjs.org/acorn-import-attributes set size:16911 disposed:false
629 silly fetch manifest get-stream@^5.0.0
630 silly packumentCache full:https://registry.npmjs.org/get-stream cache-miss
631 http fetch GET 200 https://registry.npmjs.org/@rollup%2fpluginutils 284ms (cache revalidated)
632 silly packumentCache full:https://registry.npmjs.org/@rollup%2fpluginutils set size:121958 disposed:false
633 silly fetch manifest cross-spawn@^7.0.0
634 silly packumentCache full:https://registry.npmjs.org/cross-spawn cache-miss
635 http fetch GET 200 https://registry.npmjs.org/ajv 262ms (cache revalidated)
636 silly packumentCache full:https://registry.npmjs.org/ajv set size:1142658 disposed:false
637 silly fetch manifest signal-exit@^3.0.2
638 silly packumentCache full:https://registry.npmjs.org/signal-exit cache-miss
639 http fetch GET 200 https://registry.npmjs.org/json-schema-to-ts 257ms (cache revalidated)
640 silly packumentCache full:https://registry.npmjs.org/json-schema-to-ts set size:287972 disposed:false
641 silly fetch manifest merge-stream@^2.0.0
642 silly packumentCache full:https://registry.npmjs.org/merge-stream cache-miss
643 http fetch GET 200 https://registry.npmjs.org/onetime 197ms (cache revalidated)
644 silly packumentCache full:https://registry.npmjs.org/onetime set size:32314 disposed:false
645 silly fetch manifest npm-run-path@^4.0.0
646 silly packumentCache full:https://registry.npmjs.org/npm-run-path cache-miss
647 http fetch GET 200 https://registry.npmjs.org/is-stream 283ms (cache revalidated)
648 silly packumentCache full:https://registry.npmjs.org/is-stream set size:18582 disposed:false
649 silly fetch manifest human-signals@^1.1.1
650 silly packumentCache full:https://registry.npmjs.org/human-signals cache-miss
651 http fetch GET 200 https://registry.npmjs.org/cross-spawn 273ms (cache revalidated)
652 silly packumentCache full:https://registry.npmjs.org/cross-spawn set size:109066 disposed:false
653 silly fetch manifest strip-final-newline@^2.0.0
654 silly packumentCache full:https://registry.npmjs.org/strip-final-newline cache-miss
655 http fetch GET 200 https://registry.npmjs.org/p-finally 306ms (cache revalidated)
656 silly packumentCache full:https://registry.npmjs.org/p-finally set size:11668 disposed:false
657 silly fetch manifest jsonfile@^6.0.1
658 silly packumentCache full:https://registry.npmjs.org/jsonfile cache-miss
659 http fetch GET 200 https://registry.npmjs.org/get-stream 304ms (cache revalidated)
660 silly packumentCache full:https://registry.npmjs.org/get-stream set size:57536 disposed:false
661 silly fetch manifest graceful-fs@^4.2.0
662 silly packumentCache full:https://registry.npmjs.org/graceful-fs cache-hit
663 silly fetch manifest universalify@^2.0.0
664 silly packumentCache full:https://registry.npmjs.org/universalify cache-miss
665 http fetch GET 200 https://registry.npmjs.org/merge-stream 230ms (cache revalidated)
666 silly packumentCache full:https://registry.npmjs.org/merge-stream set size:22168 disposed:false
667 silly fetch manifest @oxc-transform/binding-darwin-x64@0.111.0
668 silly packumentCache full:https://registry.npmjs.org/@oxc-transform%2fbinding-darwin-x64 cache-miss
669 http fetch GET 200 https://registry.npmjs.org/signal-exit 262ms (cache revalidated)
670 silly packumentCache full:https://registry.npmjs.org/signal-exit set size:53489 disposed:false
671 silly fetch manifest @oxc-transform/binding-freebsd-x64@0.111.0
672 silly packumentCache full:https://registry.npmjs.org/@oxc-transform%2fbinding-freebsd-x64 cache-miss
673 http fetch GET 200 https://registry.npmjs.org/npm-run-path 194ms (cache revalidated)
674 silly packumentCache full:https://registry.npmjs.org/npm-run-path set size:33596 disposed:false
675 silly fetch manifest @oxc-transform/binding-wasm32-wasi@0.111.0
676 silly packumentCache full:https://registry.npmjs.org/@oxc-transform%2fbinding-wasm32-wasi cache-miss
677 http fetch GET 200 https://registry.npmjs.org/human-signals 211ms (cache revalidated)
678 silly packumentCache full:https://registry.npmjs.org/human-signals set size:47322 disposed:false
679 silly fetch manifest @oxc-transform/binding-darwin-arm64@0.111.0
680 silly packumentCache full:https://registry.npmjs.org/@oxc-transform%2fbinding-darwin-arm64 cache-miss
681 http fetch GET 200 https://registry.npmjs.org/jsonfile 208ms (cache revalidated)
682 silly packumentCache full:https://registry.npmjs.org/jsonfile set size:53210 disposed:false
683 silly fetch manifest @oxc-transform/binding-android-arm64@0.111.0
684 silly packumentCache full:https://registry.npmjs.org/@oxc-transform%2fbinding-android-arm64 cache-miss
685 http fetch GET 200 https://registry.npmjs.org/strip-final-newline 234ms (cache revalidated)
686 silly packumentCache full:https://registry.npmjs.org/strip-final-newline set size:9328 disposed:false
687 silly fetch manifest @oxc-transform/binding-linux-x64-gnu@0.111.0
688 silly packumentCache full:https://registry.npmjs.org/@oxc-transform%2fbinding-linux-x64-gnu cache-miss
689 http fetch GET 200 https://registry.npmjs.org/universalify 230ms (cache revalidated)
690 silly packumentCache full:https://registry.npmjs.org/universalify set size:19431 disposed:false
691 silly fetch manifest @oxc-transform/binding-linux-x64-musl@0.111.0
692 silly packumentCache full:https://registry.npmjs.org/@oxc-transform%2fbinding-linux-x64-musl cache-miss
693 http fetch GET 200 https://registry.npmjs.org/@oxc-transform%2fbinding-freebsd-x64 226ms (cache revalidated)
694 silly packumentCache full:https://registry.npmjs.org/@oxc-transform%2fbinding-freebsd-x64 set size:153986 disposed:false
695 silly fetch manifest @oxc-transform/binding-win32-x64-msvc@0.111.0
696 silly packumentCache full:https://registry.npmjs.org/@oxc-transform%2fbinding-win32-x64-msvc cache-miss
697 http fetch GET 200 https://registry.npmjs.org/@oxc-transform%2fbinding-darwin-x64 280ms (cache revalidated)
698 silly packumentCache full:https://registry.npmjs.org/@oxc-transform%2fbinding-darwin-x64 set size:289721 disposed:false
699 silly fetch manifest @oxc-transform/binding-linux-arm64-gnu@0.111.0
700 silly packumentCache full:https://registry.npmjs.org/@oxc-transform%2fbinding-linux-arm64-gnu cache-miss
701 http fetch GET 200 https://registry.npmjs.org/@oxc-transform%2fbinding-wasm32-wasi 273ms (cache revalidated)
702 silly packumentCache full:https://registry.npmjs.org/@oxc-transform%2fbinding-wasm32-wasi set size:194870 disposed:false
703 silly fetch manifest @oxc-transform/binding-linux-ppc64-gnu@0.111.0
704 silly packumentCache full:https://registry.npmjs.org/@oxc-transform%2fbinding-linux-ppc64-gnu cache-miss
705 http fetch GET 200 https://registry.npmjs.org/@oxc-transform%2fbinding-darwin-arm64 225ms (cache revalidated)
706 silly packumentCache full:https://registry.npmjs.org/@oxc-transform%2fbinding-darwin-arm64 set size:294333 disposed:false
707 silly fetch manifest @oxc-transform/binding-linux-s390x-gnu@0.111.0
708 silly packumentCache full:https://registry.npmjs.org/@oxc-transform%2fbinding-linux-s390x-gnu cache-miss
709 http fetch GET 200 https://registry.npmjs.org/@oxc-transform%2fbinding-android-arm64 221ms (cache revalidated)
710 silly packumentCache full:https://registry.npmjs.org/@oxc-transform%2fbinding-android-arm64 set size:144484 disposed:false
711 silly fetch manifest @oxc-transform/binding-win32-ia32-msvc@0.111.0
712 silly packumentCache full:https://registry.npmjs.org/@oxc-transform%2fbinding-win32-ia32-msvc cache-miss
713 http fetch GET 200 https://registry.npmjs.org/@oxc-transform%2fbinding-linux-x64-musl 221ms (cache revalidated)
714 silly packumentCache full:https://registry.npmjs.org/@oxc-transform%2fbinding-linux-x64-musl set size:297160 disposed:false
715 silly fetch manifest @oxc-transform/binding-android-arm-eabi@0.111.0
716 silly packumentCache full:https://registry.npmjs.org/@oxc-transform%2fbinding-android-arm-eabi cache-miss
717 http fetch GET 200 https://registry.npmjs.org/@oxc-transform%2fbinding-win32-x64-msvc 262ms (cache revalidated)
718 silly packumentCache full:https://registry.npmjs.org/@oxc-transform%2fbinding-win32-x64-msvc set size:294598 disposed:false
719 silly fetch manifest @oxc-transform/binding-linux-arm64-musl@0.111.0
720 silly packumentCache full:https://registry.npmjs.org/@oxc-transform%2fbinding-linux-arm64-musl cache-miss
721 http fetch GET 200 https://registry.npmjs.org/@oxc-transform%2fbinding-linux-arm64-gnu 234ms (cache revalidated)
722 silly packumentCache full:https://registry.npmjs.org/@oxc-transform%2fbinding-linux-arm64-gnu set size:300643 disposed:false
723 silly fetch manifest @oxc-transform/binding-win32-arm64-msvc@0.111.0
724 silly packumentCache full:https://registry.npmjs.org/@oxc-transform%2fbinding-win32-arm64-msvc cache-miss
725 http fetch GET 200 https://registry.npmjs.org/@oxc-transform%2fbinding-linux-x64-gnu 351ms (cache revalidated)
726 silly packumentCache full:https://registry.npmjs.org/@oxc-transform%2fbinding-linux-x64-gnu set size:296124 disposed:false
727 silly fetch manifest @oxc-transform/binding-linux-riscv64-gnu@0.111.0
728 silly packumentCache full:https://registry.npmjs.org/@oxc-transform%2fbinding-linux-riscv64-gnu cache-miss
729 http fetch GET 200 https://registry.npmjs.org/@oxc-transform%2fbinding-linux-ppc64-gnu 353ms (cache revalidated)
730 silly packumentCache full:https://registry.npmjs.org/@oxc-transform%2fbinding-linux-ppc64-gnu set size:73230 disposed:false
731 silly fetch manifest @oxc-transform/binding-openharmony-arm64@0.111.0
732 silly packumentCache full:https://registry.npmjs.org/@oxc-transform%2fbinding-openharmony-arm64 cache-miss
733 http fetch GET 200 https://registry.npmjs.org/@oxc-transform%2fbinding-android-arm-eabi 216ms (cache revalidated)
734 silly packumentCache full:https://registry.npmjs.org/@oxc-transform%2fbinding-android-arm-eabi set size:72858 disposed:false
735 silly fetch manifest @oxc-transform/binding-linux-riscv64-musl@0.111.0
736 silly packumentCache full:https://registry.npmjs.org/@oxc-transform%2fbinding-linux-riscv64-musl cache-miss
737 http fetch GET 200 https://registry.npmjs.org/@oxc-transform%2fbinding-linux-arm64-musl 205ms (cache revalidated)
738 silly packumentCache full:https://registry.npmjs.org/@oxc-transform%2fbinding-linux-arm64-musl set size:301671 disposed:false
739 silly fetch manifest @oxc-transform/binding-linux-arm-gnueabihf@0.111.0
740 silly packumentCache full:https://registry.npmjs.org/@oxc-transform%2fbinding-linux-arm-gnueabihf cache-miss
741 http fetch GET 200 https://registry.npmjs.org/@oxc-transform%2fbinding-linux-s390x-gnu 347ms (cache revalidated)
742 silly packumentCache full:https://registry.npmjs.org/@oxc-transform%2fbinding-linux-s390x-gnu set size:157684 disposed:false
743 silly fetch manifest @oxc-transform/binding-linux-arm-musleabihf@0.111.0
744 silly packumentCache full:https://registry.npmjs.org/@oxc-transform%2fbinding-linux-arm-musleabihf cache-miss
745 http fetch GET 200 https://registry.npmjs.org/@oxc-transform%2fbinding-win32-ia32-msvc 346ms (cache revalidated)
746 silly packumentCache full:https://registry.npmjs.org/@oxc-transform%2fbinding-win32-ia32-msvc set size:72570 disposed:false
747 silly fetch manifest @oxc-project/types@=0.110.0
748 silly packumentCache full:https://registry.npmjs.org/@oxc-project%2ftypes cache-miss
749 http fetch GET 200 https://registry.npmjs.org/@oxc-transform%2fbinding-win32-arm64-msvc 232ms (cache revalidated)
750 silly packumentCache full:https://registry.npmjs.org/@oxc-transform%2fbinding-win32-arm64-msvc set size:299277 disposed:false
751 silly fetch manifest @rolldown/pluginutils@1.0.0-rc.1
752 silly packumentCache full:https://registry.npmjs.org/@rolldown%2fpluginutils cache-miss
753 http fetch GET 200 https://registry.npmjs.org/@oxc-transform%2fbinding-linux-riscv64-gnu 225ms (cache revalidated)
754 silly packumentCache full:https://registry.npmjs.org/@oxc-transform%2fbinding-linux-riscv64-gnu set size:158986 disposed:false
755 silly fetch manifest @rolldown/binding-darwin-x64@1.0.0-rc.1
756 silly packumentCache full:https://registry.npmjs.org/@rolldown%2fbinding-darwin-x64 cache-miss
757 http fetch GET 200 https://registry.npmjs.org/@oxc-transform%2fbinding-openharmony-arm64 200ms (cache revalidated)
758 silly packumentCache full:https://registry.npmjs.org/@oxc-transform%2fbinding-openharmony-arm64 set size:82620 disposed:false
759 silly fetch manifest @rolldown/binding-freebsd-x64@1.0.0-rc.1
760 silly packumentCache full:https://registry.npmjs.org/@rolldown%2fbinding-freebsd-x64 cache-miss
761 http fetch GET 200 https://registry.npmjs.org/@oxc-transform%2fbinding-linux-riscv64-musl 222ms (cache revalidated)
762 silly packumentCache full:https://registry.npmjs.org/@oxc-transform%2fbinding-linux-riscv64-musl set size:74026 disposed:false
763 silly fetch manifest @rolldown/binding-wasm32-wasi@1.0.0-rc.1
764 silly packumentCache full:https://registry.npmjs.org/@rolldown%2fbinding-wasm32-wasi cache-miss
765 http fetch GET 200 https://registry.npmjs.org/@oxc-transform%2fbinding-linux-arm-gnueabihf 219ms (cache revalidated)
766 silly packumentCache full:https://registry.npmjs.org/@oxc-transform%2fbinding-linux-arm-gnueabihf set size:192790 disposed:false
767 silly fetch manifest @rolldown/binding-darwin-arm64@1.0.0-rc.1
768 silly packumentCache full:https://registry.npmjs.org/@rolldown%2fbinding-darwin-arm64 cache-miss
769 http fetch GET 200 https://registry.npmjs.org/@oxc-transform%2fbinding-linux-arm-musleabihf 230ms (cache revalidated)
770 silly packumentCache full:https://registry.npmjs.org/@oxc-transform%2fbinding-linux-arm-musleabihf set size:149463 disposed:false
771 silly fetch manifest @rolldown/binding-android-arm64@1.0.0-rc.1
772 silly packumentCache full:https://registry.npmjs.org/@rolldown%2fbinding-android-arm64 cache-miss
773 http fetch GET 200 https://registry.npmjs.org/@oxc-project%2ftypes 244ms (cache revalidated)
774 silly packumentCache full:https://registry.npmjs.org/@oxc-project%2ftypes set size:242657 disposed:false
775 silly fetch manifest @rolldown/binding-linux-x64-gnu@1.0.0-rc.1
776 silly packumentCache full:https://registry.npmjs.org/@rolldown%2fbinding-linux-x64-gnu cache-miss
777 http fetch GET 200 https://registry.npmjs.org/@rolldown%2fpluginutils 242ms (cache revalidated)
778 silly packumentCache full:https://registry.npmjs.org/@rolldown%2fpluginutils set size:300388 disposed:false
779 silly fetch manifest @rolldown/binding-linux-x64-musl@1.0.0-rc.1
780 silly packumentCache full:https://registry.npmjs.org/@rolldown%2fbinding-linux-x64-musl cache-miss
781 http fetch GET 200 https://registry.npmjs.org/@rolldown%2fbinding-freebsd-x64 404ms (cache updated)
782 silly packumentCache full:https://registry.npmjs.org/@rolldown%2fbinding-freebsd-x64 set size:undefined disposed:false
783 silly fetch manifest @rolldown/binding-win32-x64-msvc@1.0.0-rc.1
784 silly packumentCache full:https://registry.npmjs.org/@rolldown%2fbinding-win32-x64-msvc cache-miss
785 http fetch GET 200 https://registry.npmjs.org/@rolldown%2fbinding-darwin-x64 742ms (cache updated)
786 silly packumentCache full:https://registry.npmjs.org/@rolldown%2fbinding-darwin-x64 set size:undefined disposed:false
787 silly fetch manifest @rolldown/binding-linux-arm64-gnu@1.0.0-rc.1
788 silly packumentCache full:https://registry.npmjs.org/@rolldown%2fbinding-linux-arm64-gnu cache-miss
789 http fetch GET 200 https://registry.npmjs.org/@rolldown%2fbinding-android-arm64 608ms (cache updated)
790 silly packumentCache full:https://registry.npmjs.org/@rolldown%2fbinding-android-arm64 set size:undefined disposed:false
791 silly fetch manifest @rolldown/binding-linux-arm64-musl@1.0.0-rc.1
792 silly packumentCache full:https://registry.npmjs.org/@rolldown%2fbinding-linux-arm64-musl cache-miss
793 http fetch GET 200 https://registry.npmjs.org/@rolldown%2fbinding-wasm32-wasi 1971ms (cache updated)
794 silly packumentCache full:https://registry.npmjs.org/@rolldown%2fbinding-wasm32-wasi set size:undefined disposed:false
795 silly fetch manifest @rolldown/binding-win32-arm64-msvc@1.0.0-rc.1
796 silly packumentCache full:https://registry.npmjs.org/@rolldown%2fbinding-win32-arm64-msvc cache-miss
797 http fetch GET 200 https://registry.npmjs.org/@rolldown%2fbinding-darwin-arm64 3108ms (cache updated)
798 silly packumentCache full:https://registry.npmjs.org/@rolldown%2fbinding-darwin-arm64 set size:undefined disposed:false
799 silly fetch manifest @rolldown/binding-openharmony-arm64@1.0.0-rc.1
800 silly packumentCache full:https://registry.npmjs.org/@rolldown%2fbinding-openharmony-arm64 cache-miss
801 http fetch GET 200 https://registry.npmjs.org/@rolldown%2fbinding-linux-x64-musl 3082ms (cache updated)
802 silly packumentCache full:https://registry.npmjs.org/@rolldown%2fbinding-linux-x64-musl set size:undefined disposed:false
803 silly fetch manifest @rolldown/binding-linux-arm-gnueabihf@1.0.0-rc.1
804 silly packumentCache full:https://registry.npmjs.org/@rolldown%2fbinding-linux-arm-gnueabihf cache-miss
805 http fetch GET 200 https://registry.npmjs.org/@rolldown%2fbinding-win32-x64-msvc 2818ms (cache updated)
806 silly packumentCache full:https://registry.npmjs.org/@rolldown%2fbinding-win32-x64-msvc set size:undefined disposed:false
807 silly fetch manifest @ts-morph/common@~0.11.0
808 silly packumentCache full:https://registry.npmjs.org/@ts-morph%2fcommon cache-miss
809 http fetch GET 200 https://registry.npmjs.org/@rolldown%2fbinding-win32-arm64-msvc 1327ms (cache updated)
810 silly packumentCache full:https://registry.npmjs.org/@rolldown%2fbinding-win32-arm64-msvc set size:undefined disposed:false
811 silly fetch manifest code-block-writer@^10.1.1
812 silly packumentCache full:https://registry.npmjs.org/code-block-writer cache-miss
813 http fetch GET 200 https://registry.npmjs.org/@rolldown%2fbinding-openharmony-arm64 219ms (cache updated)
814 silly packumentCache full:https://registry.npmjs.org/@rolldown%2fbinding-openharmony-arm64 set size:undefined disposed:false
815 silly fetch manifest get-tsconfig@^4.7.5
816 silly packumentCache full:https://registry.npmjs.org/get-tsconfig cache-miss
817 http fetch GET 200 https://registry.npmjs.org/@rolldown%2fbinding-linux-arm64-musl 2735ms (cache updated)
818 silly packumentCache full:https://registry.npmjs.org/@rolldown%2fbinding-linux-arm64-musl set size:undefined disposed:false
819 silly fetch manifest fsevents@~2.3.3
820 silly packumentCache full:https://registry.npmjs.org/fsevents cache-miss
821 http fetch GET 200 https://registry.npmjs.org/@rolldown%2fbinding-linux-arm64-gnu 2803ms (cache updated)
822 silly packumentCache full:https://registry.npmjs.org/@rolldown%2fbinding-linux-arm64-gnu set size:undefined disposed:false
823 http fetch GET 200 https://registry.npmjs.org/@rolldown%2fbinding-linux-x64-gnu 3438ms (cache updated)
824 silly packumentCache full:https://registry.npmjs.org/@rolldown%2fbinding-linux-x64-gnu set size:undefined disposed:false
825 http fetch GET 200 https://registry.npmjs.org/@rolldown%2fbinding-linux-arm-gnueabihf 461ms (cache updated)
826 silly packumentCache full:https://registry.npmjs.org/@rolldown%2fbinding-linux-arm-gnueabihf set size:undefined disposed:false
827 http fetch GET 200 https://registry.npmjs.org/@ts-morph%2fcommon 434ms (cache revalidated)
828 silly packumentCache full:https://registry.npmjs.org/@ts-morph%2fcommon set size:164227 disposed:false
829 http fetch GET 200 https://registry.npmjs.org/code-block-writer 425ms (cache revalidated)
830 silly packumentCache full:https://registry.npmjs.org/code-block-writer set size:203952 disposed:false
831 http fetch GET 200 https://registry.npmjs.org/get-tsconfig 388ms (cache updated)
832 silly packumentCache full:https://registry.npmjs.org/get-tsconfig set size:undefined disposed:false
833 http fetch GET 200 https://registry.npmjs.org/fsevents 346ms (cache revalidated)
834 silly packumentCache full:https://registry.npmjs.org/fsevents set size:182472 disposed:false
835 silly placeDep node_modules/vercel async-retry@1.3.3 OK for: @vercel/blob@2.4.0 want: ^1.3.3
836 silly placeDep node_modules/vercel is-buffer@2.0.5 OK for: @vercel/blob@2.4.0 want: ^2.0.5
837 silly placeDep node_modules/vercel is-node-process@1.2.0 OK for: @vercel/blob@2.4.0 want: ^1.2.0
838 silly placeDep node_modules/vercel throttleit@2.1.0 OK for: @vercel/blob@2.4.0 want: ^2.1.0
839 silly placeDep node_modules/vercel/node_modules/@vercel/blob undici@6.28.0 OK for: @vercel/blob@2.4.0 want: ^6.23.0
840 silly fetch manifest retry@0.13.1
841 silly packumentCache full:https://registry.npmjs.org/retry cache-miss
842 http fetch GET 200 https://registry.npmjs.org/retry 213ms (cache revalidated)
843 silly packumentCache full:https://registry.npmjs.org/retry set size:31161 disposed:false
844 silly placeDep node_modules/vercel @vercel/python-analysis@0.12.0 OK for: @vercel/build-utils@13.36.3 want: 0.12.0
845 silly placeDep node_modules/vercel cjs-module-lexer@1.2.3 OK for: @vercel/build-utils@13.36.3 want: 1.2.3
846 silly placeDep node_modules/vercel es-module-lexer@1.5.0 OK for: @vercel/build-utils@13.36.3 want: 1.5.0
847 silly fetch manifest js-yaml@4.1.1
848 silly packumentCache full:https://registry.npmjs.org/js-yaml cache-miss
849 silly fetch manifest fs-extra@11.1.1
850 silly packumentCache full:https://registry.npmjs.org/fs-extra cache-hit
851 silly fetch manifest minimatch@10.1.1
852 silly packumentCache full:https://registry.npmjs.org/minimatch cache-miss
853 silly fetch manifest @renovatebot/pep440@4.2.1
854 silly packumentCache full:https://registry.npmjs.org/@renovatebot%2fpep440 cache-miss
855 silly fetch manifest @bytecodealliance/preview2-shim@0.17.6
856 silly packumentCache full:https://registry.npmjs.org/@bytecodealliance%2fpreview2-shim cache-miss
857 http fetch GET 200 https://registry.npmjs.org/@bytecodealliance%2fpreview2-shim 206ms (cache revalidated)
858 silly packumentCache full:https://registry.npmjs.org/@bytecodealliance%2fpreview2-shim set size:107638 disposed:false
859 http fetch GET 200 https://registry.npmjs.org/minimatch 218ms (cache revalidated)
860 silly packumentCache full:https://registry.npmjs.org/minimatch set size:377924 disposed:false
861 http fetch GET 200 https://registry.npmjs.org/js-yaml 246ms (cache revalidated)
862 silly packumentCache full:https://registry.npmjs.org/js-yaml set size:184624 disposed:false
863 http fetch GET 200 https://registry.npmjs.org/@renovatebot%2fpep440 356ms (cache revalidated)
864 silly packumentCache full:https://registry.npmjs.org/@renovatebot%2fpep440 set size:163030 disposed:false
865 silly placeDep node_modules/vercel @napi-rs/keyring@1.2.0 OK for: @vercel/cli-auth@0.3.1 want: 1.2.0
866 silly placeDep node_modules/vercel async-listen@3.0.0 OK for: @vercel/cli-auth@0.3.1 want: 3.0.0
867 silly placeDep node_modules/vercel open@8.4.0 OK for: @vercel/cli-auth@0.3.1 want: 8.4.0
868 silly fetch manifest @napi-rs/keyring-darwin-x64@1.2.0
869 silly packumentCache full:https://registry.npmjs.org/@napi-rs%2fkeyring-darwin-x64 cache-miss
870 silly fetch manifest @napi-rs/keyring-freebsd-x64@1.2.0
871 silly packumentCache full:https://registry.npmjs.org/@napi-rs%2fkeyring-freebsd-x64 cache-miss
872 silly fetch manifest @napi-rs/keyring-darwin-arm64@1.2.0
873 silly packumentCache full:https://registry.npmjs.org/@napi-rs%2fkeyring-darwin-arm64 cache-miss
874 silly fetch manifest @napi-rs/keyring-linux-x64-gnu@1.2.0
875 silly packumentCache full:https://registry.npmjs.org/@napi-rs%2fkeyring-linux-x64-gnu cache-miss
876 silly fetch manifest @napi-rs/keyring-linux-x64-musl@1.2.0
877 silly packumentCache full:https://registry.npmjs.org/@napi-rs%2fkeyring-linux-x64-musl cache-miss
878 silly fetch manifest @napi-rs/keyring-win32-x64-msvc@1.2.0
879 silly packumentCache full:https://registry.npmjs.org/@napi-rs%2fkeyring-win32-x64-msvc cache-miss
880 silly fetch manifest @napi-rs/keyring-linux-arm64-gnu@1.2.0
881 silly packumentCache full:https://registry.npmjs.org/@napi-rs%2fkeyring-linux-arm64-gnu cache-miss
882 http fetch GET 200 https://registry.npmjs.org/@napi-rs%2fkeyring-darwin-x64 219ms (cache revalidated)
883 silly packumentCache full:https://registry.npmjs.org/@napi-rs%2fkeyring-darwin-x64 set size:31968 disposed:false
884 silly fetch manifest @napi-rs/keyring-win32-ia32-msvc@1.2.0
885 silly packumentCache full:https://registry.npmjs.org/@napi-rs%2fkeyring-win32-ia32-msvc cache-miss
886 http fetch GET 200 https://registry.npmjs.org/@napi-rs%2fkeyring-freebsd-x64 222ms (cache revalidated)
887 silly packumentCache full:https://registry.npmjs.org/@napi-rs%2fkeyring-freebsd-x64 set size:32106 disposed:false
888 silly fetch manifest @napi-rs/keyring-linux-arm64-musl@1.2.0
889 silly packumentCache full:https://registry.npmjs.org/@napi-rs%2fkeyring-linux-arm64-musl cache-miss
890 http fetch GET 200 https://registry.npmjs.org/@napi-rs%2fkeyring-darwin-arm64 254ms (cache revalidated)
891 silly packumentCache full:https://registry.npmjs.org/@napi-rs%2fkeyring-darwin-arm64 set size:32208 disposed:false
892 silly fetch manifest @napi-rs/keyring-win32-arm64-msvc@1.2.0
893 silly packumentCache full:https://registry.npmjs.org/@napi-rs%2fkeyring-win32-arm64-msvc cache-miss
894 http fetch GET 200 https://registry.npmjs.org/@napi-rs%2fkeyring-linux-arm64-gnu 280ms (cache revalidated)
895 silly packumentCache full:https://registry.npmjs.org/@napi-rs%2fkeyring-linux-arm64-gnu set size:32782 disposed:false
896 silly fetch manifest @napi-rs/keyring-linux-riscv64-gnu@1.2.0
897 silly packumentCache full:https://registry.npmjs.org/@napi-rs%2fkeyring-linux-riscv64-gnu cache-miss
898 http fetch GET 200 https://registry.npmjs.org/@napi-rs%2fkeyring-win32-x64-msvc 286ms (cache revalidated)
899 silly packumentCache full:https://registry.npmjs.org/@napi-rs%2fkeyring-win32-x64-msvc set size:32375 disposed:false
900 silly fetch manifest @napi-rs/keyring-linux-arm-gnueabihf@1.2.0
901 silly packumentCache full:https://registry.npmjs.org/@napi-rs%2fkeyring-linux-arm-gnueabihf cache-miss
902 http fetch GET 200 https://registry.npmjs.org/@napi-rs%2fkeyring-linux-x64-gnu 293ms (cache revalidated)
903 silly packumentCache full:https://registry.npmjs.org/@napi-rs%2fkeyring-linux-x64-gnu set size:32542 disposed:false
904 silly fetch manifest is-wsl@^2.2.0
905 silly packumentCache full:https://registry.npmjs.org/is-wsl cache-miss
906 http fetch GET 200 https://registry.npmjs.org/@napi-rs%2fkeyring-linux-x64-musl 297ms (cache revalidated)
907 silly packumentCache full:https://registry.npmjs.org/@napi-rs%2fkeyring-linux-x64-musl set size:32633 disposed:false
908 silly fetch manifest is-docker@^2.1.1
909 silly packumentCache full:https://registry.npmjs.org/is-docker cache-miss
910 http fetch GET 200 https://registry.npmjs.org/@napi-rs%2fkeyring-win32-ia32-msvc 198ms (cache revalidated)
911 silly packumentCache full:https://registry.npmjs.org/@napi-rs%2fkeyring-win32-ia32-msvc set size:32491 disposed:false
912 silly fetch manifest define-lazy-prop@^2.0.0
913 silly packumentCache full:https://registry.npmjs.org/define-lazy-prop cache-miss
914 http fetch GET 200 https://registry.npmjs.org/@napi-rs%2fkeyring-linux-arm64-musl 216ms (cache revalidated)
915 silly packumentCache full:https://registry.npmjs.org/@napi-rs%2fkeyring-linux-arm64-musl set size:32871 disposed:false
916 http fetch GET 200 https://registry.npmjs.org/@napi-rs%2fkeyring-linux-riscv64-gnu 221ms (cache revalidated)
917 silly packumentCache full:https://registry.npmjs.org/@napi-rs%2fkeyring-linux-riscv64-gnu set size:14654 disposed:false
918 http fetch GET 200 https://registry.npmjs.org/@napi-rs%2fkeyring-win32-arm64-msvc 256ms (cache revalidated)
919 silly packumentCache full:https://registry.npmjs.org/@napi-rs%2fkeyring-win32-arm64-msvc set size:32612 disposed:false
920 http fetch GET 200 https://registry.npmjs.org/is-wsl 220ms (cache revalidated)
921 silly packumentCache full:https://registry.npmjs.org/is-wsl set size:20683 disposed:false
922 http fetch GET 200 https://registry.npmjs.org/is-docker 219ms (cache revalidated)
923 silly packumentCache full:https://registry.npmjs.org/is-docker set size:23690 disposed:false
924 http fetch GET 200 https://registry.npmjs.org/@napi-rs%2fkeyring-linux-arm-gnueabihf 232ms (cache revalidated)
925 silly packumentCache full:https://registry.npmjs.org/@napi-rs%2fkeyring-linux-arm-gnueabihf set size:32910 disposed:false
926 http fetch GET 200 https://registry.npmjs.org/define-lazy-prop 184ms (cache revalidated)
927 silly packumentCache full:https://registry.npmjs.org/define-lazy-prop set size:9337 disposed:false
928 silly placeDep node_modules/vercel @napi-rs/keyring-darwin-arm64@1.2.0 OK for: @napi-rs/keyring@1.2.0 want: 1.2.0
929 silly placeDep node_modules/vercel @napi-rs/keyring-darwin-x64@1.2.0 OK for: @napi-rs/keyring@1.2.0 want: 1.2.0
930 silly placeDep node_modules/vercel @napi-rs/keyring-freebsd-x64@1.2.0 OK for: @napi-rs/keyring@1.2.0 want: 1.2.0
931 silly placeDep node_modules/vercel @napi-rs/keyring-linux-arm-gnueabihf@1.2.0 OK for: @napi-rs/keyring@1.2.0 want: 1.2.0
932 silly placeDep node_modules/vercel @napi-rs/keyring-linux-arm64-gnu@1.2.0 OK for: @napi-rs/keyring@1.2.0 want: 1.2.0
933 silly placeDep node_modules/vercel @napi-rs/keyring-linux-arm64-musl@1.2.0 OK for: @napi-rs/keyring@1.2.0 want: 1.2.0
934 silly placeDep node_modules/vercel @napi-rs/keyring-linux-riscv64-gnu@1.2.0 OK for: @napi-rs/keyring@1.2.0 want: 1.2.0
935 silly placeDep node_modules/vercel @napi-rs/keyring-linux-x64-gnu@1.2.0 OK for: @napi-rs/keyring@1.2.0 want: 1.2.0
936 silly placeDep node_modules/vercel @napi-rs/keyring-linux-x64-musl@1.2.0 OK for: @napi-rs/keyring@1.2.0 want: 1.2.0
937 silly placeDep node_modules/vercel @napi-rs/keyring-win32-arm64-msvc@1.2.0 OK for: @napi-rs/keyring@1.2.0 want: 1.2.0
938 silly placeDep node_modules/vercel @napi-rs/keyring-win32-ia32-msvc@1.2.0 OK for: @napi-rs/keyring@1.2.0 want: 1.2.0
939 silly placeDep node_modules/vercel @napi-rs/keyring-win32-x64-msvc@1.2.0 OK for: @napi-rs/keyring@1.2.0 want: 1.2.0
940 silly placeDep node_modules/vercel xdg-app-paths@5.5.1 OK for: @vercel/cli-config@0.2.1 want: 5
941 silly fetch manifest os-paths@^4.0.1
942 silly packumentCache full:https://registry.npmjs.org/os-paths cache-miss
943 silly fetch manifest xdg-portable@^7.2.0
944 silly packumentCache full:https://registry.npmjs.org/xdg-portable cache-miss
945 http fetch GET 200 https://registry.npmjs.org/xdg-portable 190ms (cache revalidated)
946 silly packumentCache full:https://registry.npmjs.org/xdg-portable set size:329210 disposed:false
947 http fetch GET 200 https://registry.npmjs.org/os-paths 219ms (cache revalidated)
948 silly packumentCache full:https://registry.npmjs.org/os-paths set size:337111 disposed:false
949 silly placeDep node_modules/vercel @vercel/cervel@0.1.38 OK for: @vercel/express@0.1.121 want: 0.1.38
950 silly placeDep node_modules/vercel/node_modules/@vercel/express zod@3.22.4 OK for: @vercel/express@0.1.121 want: 3.22.4
951 silly fetch manifest encoding@^0.1.0
952 silly packumentCache full:https://registry.npmjs.org/encoding cache-miss
953 http fetch GET 200 https://registry.npmjs.org/encoding 195ms (cache revalidated)
954 silly packumentCache full:https://registry.npmjs.org/encoding set size:17833 disposed:false
955 silly placeDep node_modules/vercel @tootallnate/once@2.0.0 OK for: @vercel/fun@1.3.0 want: 2.0.0
956 silly placeDep node_modules/vercel/node_modules/@vercel/fun async-listen@1.2.0 OK for: @vercel/fun@1.3.0 want: 1.2.0
957 silly placeDep node_modules/vercel debug@4.3.4 OK for: @vercel/fun@1.3.0 want: 4.3.4
958 silly placeDep node_modules/vercel generic-pool@3.4.2 OK for: @vercel/fun@1.3.0 want: 3.4.2
959 silly placeDep node_modules/vercel micro@9.3.5-canary.3 OK for: @vercel/fun@1.3.0 want: 9.3.5-canary.3
960 silly placeDep node_modules/vercel ms@2.1.1 OK for: @vercel/fun@1.3.0 want: 2.1.1
961 silly placeDep node_modules/vercel node-fetch@2.6.7 OK for: @vercel/fun@1.3.0 want: 2.6.7
962 silly placeDep node_modules/vercel/node_modules/@vercel/fun path-to-regexp@8.2.0 OK for: @vercel/fun@1.3.0 want: 8.2.0
963 silly placeDep node_modules/vercel promisepipe@3.0.0 OK for: @vercel/fun@1.3.0 want: 3.0.0
964 silly placeDep node_modules/vercel semver@7.5.4 OK for: @vercel/fun@1.3.0 want: 7.5.4
965 silly placeDep node_modules/vercel stat-mode@0.3.0 OK for: @vercel/fun@1.3.0 want: 0.3.0
966 silly placeDep node_modules/vercel stream-to-promise@2.2.0 OK for: @vercel/fun@1.3.0 want: 2.2.0
967 silly placeDep node_modules/vercel tar@7.5.7 OK for: @vercel/fun@1.3.0 want: 7.5.7
968 silly placeDep node_modules/vercel tinyexec@0.3.2 OK for: @vercel/fun@1.3.0 want: 0.3.2
969 silly placeDep node_modules/vercel tree-kill@1.2.2 OK for: @vercel/fun@1.3.0 want: 1.2.2
970 silly placeDep node_modules/vercel uid-promise@1.0.0 OK for: @vercel/fun@1.3.0 want: 1.0.0
971 silly placeDep node_modules/vercel/node_modules/@vercel/fun xdg-app-paths@5.1.0 OK for: @vercel/fun@1.3.0 want: 5.1.0
972 silly placeDep node_modules/vercel yauzl-promise@2.1.3 OK for: @vercel/fun@1.3.0 want: 2.1.3
973 silly fetch manifest ms@2.1.2
974 silly packumentCache full:https://registry.npmjs.org/ms cache-hit
975 silly fetch manifest arg@4.1.0
976 silly packumentCache full:https://registry.npmjs.org/arg cache-miss
977 silly fetch manifest raw-body@2.4.1
978 silly packumentCache full:https://registry.npmjs.org/raw-body cache-miss
979 silly fetch manifest content-type@1.0.4
980 silly packumentCache full:https://registry.npmjs.org/content-type cache-miss
981 silly fetch manifest whatwg-url@^5.0.0
982 silly packumentCache full:https://registry.npmjs.org/whatwg-url cache-miss
983 silly fetch manifest lru-cache@^6.0.0
984 silly packumentCache full:https://registry.npmjs.org/lru-cache cache-miss
985 silly fetch manifest any-promise@~1.3.0
986 silly packumentCache full:https://registry.npmjs.org/any-promise cache-miss
987 silly fetch manifest end-of-stream@~1.1.0
988 silly packumentCache full:https://registry.npmjs.org/end-of-stream cache-miss
989 http fetch GET 200 https://registry.npmjs.org/arg 199ms (cache revalidated)
990 silly packumentCache full:https://registry.npmjs.org/arg set size:67036 disposed:false
991 silly fetch manifest stream-to-array@~2.3.0
992 silly packumentCache full:https://registry.npmjs.org/stream-to-array cache-miss
993 http fetch GET 200 https://registry.npmjs.org/end-of-stream 206ms (cache revalidated)
994 silly packumentCache full:https://registry.npmjs.org/end-of-stream set size:27842 disposed:false
995 silly fetch manifest chownr@^3.0.0
996 silly packumentCache full:https://registry.npmjs.org/chownr cache-miss
997 http fetch GET 200 https://registry.npmjs.org/content-type 222ms (cache revalidated)
998 silly packumentCache full:https://registry.npmjs.org/content-type set size:18994 disposed:false
999 silly fetch manifest yallist@^5.0.0
1000 silly packumentCache full:https://registry.npmjs.org/yallist cache-miss
1001 http fetch GET 200 https://registry.npmjs.org/raw-body 248ms (cache revalidated)
1002 silly packumentCache full:https://registry.npmjs.org/raw-body set size:120042 disposed:false
1003 silly fetch manifest minipass@^7.1.2
1004 silly packumentCache full:https://registry.npmjs.org/minipass cache-miss
1005 http fetch GET 200 https://registry.npmjs.org/whatwg-url 309ms (cache revalidated)
1006 silly packumentCache full:https://registry.npmjs.org/whatwg-url set size:177251 disposed:false
1007 silly fetch manifest minizlib@^3.1.0
1008 silly packumentCache full:https://registry.npmjs.org/minizlib cache-miss
1009 http fetch GET 200 https://registry.npmjs.org/lru-cache 325ms (cache revalidated)
1010 silly packumentCache full:https://registry.npmjs.org/lru-cache set size:460407 disposed:false
1011 silly fetch manifest @isaacs/fs-minipass@^4.0.0
1012 silly packumentCache full:https://registry.npmjs.org/@isaacs%2ffs-minipass cache-miss
1013 http fetch GET 200 https://registry.npmjs.org/any-promise 353ms (cache revalidated)
1014 silly packumentCache full:https://registry.npmjs.org/any-promise set size:20233 disposed:false
1015 silly fetch manifest xdg-portable@^7.0.0
1016 silly packumentCache full:https://registry.npmjs.org/xdg-portable cache-hit
1017 silly fetch manifest yauzl@^2.9.1
1018 silly packumentCache full:https://registry.npmjs.org/yauzl cache-miss
1019 http fetch GET 200 https://registry.npmjs.org/stream-to-array 263ms (cache revalidated)
1020 silly packumentCache full:https://registry.npmjs.org/stream-to-array set size:17179 disposed:false
1021 silly fetch manifest yauzl-clone@^1.0.4
1022 silly packumentCache full:https://registry.npmjs.org/yauzl-clone cache-miss
1023 http fetch GET 200 https://registry.npmjs.org/minipass 303ms (cache revalidated)
1024 silly packumentCache full:https://registry.npmjs.org/minipass set size:276925 disposed:false
1025 http fetch GET 200 https://registry.npmjs.org/yallist 365ms (cache revalidated)
1026 silly packumentCache full:https://registry.npmjs.org/yallist set size:34610 disposed:false
1027 http fetch GET 200 https://registry.npmjs.org/@isaacs%2ffs-minipass 239ms (cache revalidated)
1028 silly packumentCache full:https://registry.npmjs.org/@isaacs%2ffs-minipass set size:7912 disposed:false
1029 http fetch GET 200 https://registry.npmjs.org/minizlib 273ms (cache revalidated)
1030 silly packumentCache full:https://registry.npmjs.org/minizlib set size:62862 disposed:false
1031 http fetch GET 200 https://registry.npmjs.org/chownr 384ms (cache revalidated)
1032 silly packumentCache full:https://registry.npmjs.org/chownr set size:22157 disposed:false
1033 http fetch GET 200 https://registry.npmjs.org/yauzl 254ms (cache revalidated)
1034 silly packumentCache full:https://registry.npmjs.org/yauzl set size:114252 disposed:false
1035 http fetch GET 200 https://registry.npmjs.org/yauzl-clone 185ms (cache revalidated)
1036 silly packumentCache full:https://registry.npmjs.org/yauzl-clone set size:25046 disposed:false
1037 silly placeDep node_modules/vercel/node_modules/@vercel/hono zod@3.22.4 OK for: @vercel/hono@0.2.110 want: 3.22.4
1038 silly fetch manifest rollup@^1.20.0||^2.0.0||^3.0.0||^4.0.0
1039 silly packumentCache full:https://registry.npmjs.org/rollup cache-miss
1040 http fetch GET 200 https://registry.npmjs.org/rollup 733ms (cache updated)
1041 silly packumentCache full:https://registry.npmjs.org/rollup set size:undefined disposed:false
1042 silly placeDep node_modules/vercel @mapbox/node-pre-gyp@2.0.3 OK for: @vercel/nft@1.10.0 want: ^2.0.0
1043 silly placeDep node_modules/vercel @rollup/pluginutils@5.4.0 OK for: @vercel/nft@1.10.0 want: ^5.1.3
1044 silly placeDep node_modules/vercel acorn@8.18.0 OK for: @vercel/nft@1.10.0 want: ^8.6.0
1045 silly placeDep node_modules/vercel acorn-import-attributes@1.9.5 OK for: @vercel/nft@1.10.0 want: ^1.9.5
1046 silly placeDep node_modules/vercel async-sema@3.1.1 OK for: @vercel/nft@1.10.0 want: ^3.1.1
1047 silly placeDep node_modules/vercel bindings@1.5.0 OK for: @vercel/nft@1.10.0 want: ^1.4.0
1048 silly placeDep node_modules/vercel estree-walker@2.0.2 OK for: @vercel/nft@1.10.0 want: 2.0.2
1049 silly placeDep node_modules/vercel glob@13.0.6 OK for: @vercel/nft@1.10.0 want: ^13.0.0
1050 silly placeDep node_modules/vercel graceful-fs@4.2.11 OK for: @vercel/nft@1.10.0 want: ^4.2.9
1051 silly placeDep node_modules/vercel node-gyp-build@4.8.4 OK for: @vercel/nft@1.10.0 want: ^4.2.2
1052 silly placeDep node_modules/vercel picomatch@4.0.5 OK for: @vercel/nft@1.10.0 want: ^4.0.2
1053 silly placeDep node_modules/vercel resolve-from@5.0.0 OK for: @vercel/nft@1.10.0 want: ^5.0.0
1054 silly fetch manifest nopt@^8.0.0
1055 silly packumentCache full:https://registry.npmjs.org/nopt cache-miss
1056 silly fetch manifest consola@^3.2.3
1057 silly packumentCache full:https://registry.npmjs.org/consola cache-miss
1058 silly fetch manifest detect-libc@^2.0.0
1059 silly packumentCache full:https://registry.npmjs.org/detect-libc cache-miss
1060 silly fetch manifest https-proxy-agent@^7.0.5
1061 silly packumentCache full:https://registry.npmjs.org/https-proxy-agent cache-miss
1062 silly fetch manifest @types/estree@^1.0.0
1063 silly packumentCache full:https://registry.npmjs.org/@types%2festree cache-miss
1064 silly fetch manifest estree-walker@^2.0.2
1065 silly packumentCache full:https://registry.npmjs.org/estree-walker cache-hit
1066 silly fetch manifest file-uri-to-path@1.0.0
1067 silly packumentCache full:https://registry.npmjs.org/file-uri-to-path cache-miss
1068 silly fetch manifest minimatch@^10.2.2
1069 silly packumentCache full:https://registry.npmjs.org/minimatch cache-hit
1070 silly fetch manifest minipass@^7.1.3
1071 silly packumentCache full:https://registry.npmjs.org/minipass cache-hit
1072 silly fetch manifest path-scurry@^2.0.2
1073 silly packumentCache full:https://registry.npmjs.org/path-scurry cache-miss
1074 http fetch GET 200 https://registry.npmjs.org/nopt 202ms (cache revalidated)
1075 silly packumentCache full:https://registry.npmjs.org/nopt set size:76679 disposed:false
1076 http fetch GET 200 https://registry.npmjs.org/@types%2festree 215ms (cache revalidated)
1077 silly packumentCache full:https://registry.npmjs.org/@types%2festree set size:76072 disposed:false
1078 http fetch GET 200 https://registry.npmjs.org/file-uri-to-path 219ms (cache revalidated)
1079 silly packumentCache full:https://registry.npmjs.org/file-uri-to-path set size:10154 disposed:false
1080 http fetch GET 200 https://registry.npmjs.org/detect-libc 235ms (cache revalidated)
1081 silly packumentCache full:https://registry.npmjs.org/detect-libc set size:47861 disposed:false
1082 http fetch GET 200 https://registry.npmjs.org/path-scurry 228ms (cache revalidated)
1083 silly packumentCache full:https://registry.npmjs.org/path-scurry set size:117612 disposed:false
1084 http fetch GET 200 https://registry.npmjs.org/consola 250ms (cache revalidated)
1085 silly packumentCache full:https://registry.npmjs.org/consola set size:324648 disposed:false
1086 http fetch GET 200 https://registry.npmjs.org/https-proxy-agent 263ms (cache revalidated)
1087 silly packumentCache full:https://registry.npmjs.org/https-proxy-agent set size:83792 disposed:false
1088 silly placeDep node_modules/vercel consola@3.4.2 OK for: @mapbox/node-pre-gyp@2.0.3 want: ^3.2.3
1089 silly placeDep node_modules/vercel detect-libc@2.1.2 OK for: @mapbox/node-pre-gyp@2.0.3 want: ^2.0.0
1090 silly placeDep node_modules/vercel https-proxy-agent@7.0.6 OK for: @mapbox/node-pre-gyp@2.0.3 want: ^7.0.5
1091 silly placeDep node_modules/vercel nopt@8.1.0 OK for: @mapbox/node-pre-gyp@2.0.3 want: ^8.0.0
1092 silly fetch manifest agent-base@^7.1.2
1093 silly packumentCache full:https://registry.npmjs.org/agent-base cache-miss
1094 silly fetch manifest abbrev@^3.0.0
1095 silly packumentCache full:https://registry.npmjs.org/abbrev cache-miss
1096 http fetch GET 200 https://registry.npmjs.org/abbrev 198ms (cache revalidated)
1097 silly packumentCache full:https://registry.npmjs.org/abbrev set size:24188 disposed:false
1098 http fetch GET 200 https://registry.npmjs.org/agent-base 207ms (cache revalidated)
1099 silly packumentCache full:https://registry.npmjs.org/agent-base set size:72085 disposed:false
1100 silly placeDep node_modules/vercel @types/estree@1.0.9 OK for: @rollup/pluginutils@5.4.0 want: ^1.0.0
1101 silly placeDep node_modules/vercel @edge-runtime/node-utils@2.3.0 OK for: @vercel/node@5.9.3 want: 2.3.0
1102 silly placeDep node_modules/vercel @edge-runtime/primitives@4.1.0 OK for: @vercel/node@5.9.3 want: 4.1.0
1103 silly placeDep node_modules/vercel @edge-runtime/vm@3.2.0 OK for: @vercel/node@5.9.3 want: 3.2.0
1104 silly placeDep node_modules/vercel @types/node@20.11.0 OK for: @vercel/node@5.9.3 want: 20.11.0
1105 silly placeDep node_modules/vercel @vercel/error-utils@2.2.0 OK for: @vercel/node@5.9.3 want: 2.2.0
1106 silly placeDep node_modules/vercel edge-runtime@2.5.9 OK for: @vercel/node@5.9.3 want: 2.5.9
1107 silly placeDep node_modules/vercel/node_modules/@vercel/node es-module-lexer@1.4.1 OK for: @vercel/node@5.9.3 want: 1.4.1
1108 silly placeDep node_modules/vercel etag@1.8.1 OK for: @vercel/node@5.9.3 want: 1.8.1
1109 silly placeDep node_modules/vercel mime-types@2.1.35 OK for: @vercel/node@5.9.3 want: 2.1.35
1110 silly placeDep node_modules/vercel/node_modules/@vercel/node node-fetch@2.6.9 OK for: @vercel/node@5.9.3 want: 2.6.9
1111 silly placeDep node_modules/vercel/node_modules/@vercel/node path-to-regexp@6.1.0 OK for: @vercel/node@5.9.3 want: 6.1.0
1112 silly placeDep node_modules/vercel path-to-regexp-updated@6.3.0 OK for: @vercel/node@5.9.3 want: npm:path-to-regexp@6.3.0
1113 silly placeDep node_modules/vercel typescript@5.9.3 OK for: @vercel/node@5.9.3 want: npm:typescript@5.9.3
1114 silly placeDep node_modules/vercel/node_modules/@vercel/node undici@5.28.4 OK for: @vercel/node@5.9.3 want: 5.28.4
1115 silly fetch manifest undici-types@~5.26.4
1116 silly packumentCache full:https://registry.npmjs.org/undici-types cache-miss
1117 silly fetch manifest mri@1.2.0
1118 silly packumentCache full:https://registry.npmjs.org/mri cache-miss
1119 silly fetch manifest pretty-ms@7.0.1
1120 silly packumentCache full:https://registry.npmjs.org/pretty-ms cache-miss
1121 silly fetch manifest time-span@4.0.0
1122 silly packumentCache full:https://registry.npmjs.org/time-span cache-miss
1123 silly fetch manifest picocolors@1.0.0
1124 silly packumentCache full:https://registry.npmjs.org/picocolors cache-miss
1125 silly fetch manifest signal-exit@4.0.2
1126 silly packumentCache full:https://registry.npmjs.org/signal-exit cache-hit
1127 silly fetch manifest async-listen@3.0.1
1128 silly packumentCache full:https://registry.npmjs.org/async-listen cache-hit
1129 silly fetch manifest @edge-runtime/format@2.2.1
1130 silly packumentCache full:https://registry.npmjs.org/@edge-runtime%2fformat cache-miss
1131 silly fetch manifest @edge-runtime/ponyfill@2.4.2
1132 silly packumentCache full:https://registry.npmjs.org/@edge-runtime%2fponyfill cache-miss
1133 http fetch GET 200 https://registry.npmjs.org/time-span 204ms (cache revalidated)
1134 silly packumentCache full:https://registry.npmjs.org/time-span set size:18816 disposed:false
1135 silly fetch manifest mime-db@1.52.0
1136 silly packumentCache full:https://registry.npmjs.org/mime-db cache-miss
1137 http fetch GET 200 https://registry.npmjs.org/undici-types 309ms (cache revalidated)
1138 silly packumentCache full:https://registry.npmjs.org/undici-types set size:247750 disposed:false
1139 http fetch GET 200 https://registry.npmjs.org/picocolors 318ms (cache revalidated)
1140 silly packumentCache full:https://registry.npmjs.org/picocolors set size:16648 disposed:false
1141 http fetch GET 200 https://registry.npmjs.org/mri 326ms (cache revalidated)
1142 silly packumentCache full:https://registry.npmjs.org/mri set size:28195 disposed:false
1143 http fetch GET 200 https://registry.npmjs.org/pretty-ms 329ms (cache revalidated)
1144 silly packumentCache full:https://registry.npmjs.org/pretty-ms set size:61783 disposed:false
1145 http fetch GET 200 https://registry.npmjs.org/@edge-runtime%2fponyfill 329ms (cache revalidated)
1146 silly packumentCache full:https://registry.npmjs.org/@edge-runtime%2fponyfill set size:65733 disposed:false
1147 http fetch GET 200 https://registry.npmjs.org/@edge-runtime%2fformat 390ms (cache revalidated)
1148 silly packumentCache full:https://registry.npmjs.org/@edge-runtime%2fformat set size:99857 disposed:false
1149 http fetch GET 200 https://registry.npmjs.org/mime-db 316ms (cache revalidated)
1150 silly packumentCache full:https://registry.npmjs.org/mime-db set size:164953 disposed:false
1151 silly placeDep node_modules/vercel undici-types@5.26.5 OK for: @types/node@20.11.0 want: ~5.26.4
1152 silly placeDep node_modules/vercel @bytecodealliance/preview2-shim@0.17.6 OK for: @vercel/python-analysis@0.12.0 want: 0.17.6
1153 silly placeDep node_modules/vercel @renovatebot/pep440@4.2.1 OK for: @vercel/python-analysis@0.12.0 want: 4.2.1
1154 silly placeDep node_modules/vercel/node_modules/@vercel/python-analysis fs-extra@11.1.1 OK for: @vercel/python-analysis@0.12.0 want: 11.1.1
1155 silly placeDep node_modules/vercel js-yaml@4.1.1 OK for: @vercel/python-analysis@0.12.0 want: 4.1.1
1156 silly placeDep node_modules/vercel minimatch@10.1.1 OK for: @vercel/python-analysis@0.12.0 want: 10.1.1
1157 silly placeDep node_modules/vercel/node_modules/@vercel/python-analysis zod@3.22.4 OK for: @vercel/python-analysis@0.12.0 want: 3.22.4
1158 silly fetch manifest argparse@^2.0.1
1159 silly packumentCache full:https://registry.npmjs.org/argparse cache-miss
1160 silly fetch manifest @isaacs/brace-expansion@^5.0.0
1161 silly packumentCache full:https://registry.npmjs.org/@isaacs%2fbrace-expansion cache-miss
1162 http fetch GET 200 https://registry.npmjs.org/argparse 202ms (cache revalidated)
1163 silly packumentCache full:https://registry.npmjs.org/argparse set size:51348 disposed:false
1164 http fetch GET 200 https://registry.npmjs.org/@isaacs%2fbrace-expansion 315ms (cache revalidated)
1165 silly packumentCache full:https://registry.npmjs.org/@isaacs%2fbrace-expansion set size:7366 disposed:false
1166 silly placeDep node_modules/vercel/node_modules/@vercel/redwood semver@6.3.1 OK for: @vercel/redwood@2.5.0 want: 6.3.1
1167 silly placeDep node_modules/vercel/node_modules/@vercel/remix-builder path-to-regexp@6.1.0 OK for: @vercel/remix-builder@5.9.1 want: 6.1.0
1168 silly placeDep node_modules/vercel/node_modules/@vercel/rust execa@5.1.1 OK for: @vercel/rust@1.4.0 want: 5
1169 silly fetch manifest onetime@^5.1.2
1170 silly packumentCache full:https://registry.npmjs.org/onetime cache-hit
1171 silly fetch manifest get-stream@^6.0.0
1172 silly packumentCache full:https://registry.npmjs.org/get-stream cache-hit
1173 silly fetch manifest cross-spawn@^7.0.3
1174 silly packumentCache full:https://registry.npmjs.org/cross-spawn cache-hit
1175 silly fetch manifest signal-exit@^3.0.3
1176 silly packumentCache full:https://registry.npmjs.org/signal-exit cache-hit
1177 silly fetch manifest npm-run-path@^4.0.1
1178 silly packumentCache full:https://registry.npmjs.org/npm-run-path cache-hit
1179 silly fetch manifest human-signals@^2.1.0
1180 silly packumentCache full:https://registry.npmjs.org/human-signals cache-hit
1181 silly placeDep node_modules/vercel @vercel/gatsby-plugin-vercel-analytics@1.0.11 OK for: @vercel/static-build@2.11.13 want: 1.0.11
1182 silly placeDep node_modules/vercel @vercel/gatsby-plugin-vercel-builder@2.2.33 OK for: @vercel/static-build@2.11.13 want: 2.2.33
1183 silly fetch manifest web-vitals@0.2.4
1184 silly packumentCache full:https://registry.npmjs.org/web-vitals cache-miss
1185 silly fetch manifest @sinclair/typebox@0.25.24
1186 silly packumentCache full:https://registry.npmjs.org/@sinclair%2ftypebox cache-miss
1187 http fetch GET 200 https://registry.npmjs.org/web-vitals 206ms (cache revalidated)
1188 silly packumentCache full:https://registry.npmjs.org/web-vitals set size:626800 disposed:false
1189 http fetch GET 200 https://registry.npmjs.org/@sinclair%2ftypebox 250ms (cache revalidated)
1190 silly packumentCache full:https://registry.npmjs.org/@sinclair%2ftypebox set size:1212785 disposed:false
1191 silly placeDep node_modules/vercel web-vitals@0.2.4 OK for: @vercel/gatsby-plugin-vercel-analytics@1.0.11 want: 0.2.4
1192 silly placeDep node_modules/vercel @sinclair/typebox@0.25.24 OK for: @vercel/gatsby-plugin-vercel-builder@2.2.33 want: 0.25.24
1193 silly placeDep node_modules/vercel ajv@8.6.3 OK for: @vercel/static-config@3.4.0 want: 8.6.3
1194 silly placeDep node_modules/vercel json-schema-to-ts@1.6.4 OK for: @vercel/static-config@3.4.0 want: 1.6.4
1195 silly fetch manifest uri-js@^4.2.2
1196 silly packumentCache full:https://registry.npmjs.org/uri-js cache-miss
1197 silly fetch manifest fast-deep-equal@^3.1.1
1198 silly packumentCache full:https://registry.npmjs.org/fast-deep-equal cache-miss
1199 silly fetch manifest require-from-string@^2.0.2
1200 silly packumentCache full:https://registry.npmjs.org/require-from-string cache-miss
1201 silly fetch manifest json-schema-traverse@^1.0.0
1202 silly packumentCache full:https://registry.npmjs.org/json-schema-traverse cache-miss
1203 silly fetch manifest ts-toolbelt@^6.15.5
1204 silly packumentCache full:https://registry.npmjs.org/ts-toolbelt cache-miss
1205 silly fetch manifest @types/json-schema@^7.0.6
1206 silly packumentCache full:https://registry.npmjs.org/@types%2fjson-schema cache-miss
1207 http fetch GET 200 https://registry.npmjs.org/fast-deep-equal 207ms (cache revalidated)
1208 silly packumentCache full:https://registry.npmjs.org/fast-deep-equal set size:48634 disposed:false
1209 http fetch GET 200 https://registry.npmjs.org/require-from-string 237ms (cache revalidated)
1210 silly packumentCache full:https://registry.npmjs.org/require-from-string set size:15128 disposed:false
1211 http fetch GET 200 https://registry.npmjs.org/uri-js 242ms (cache revalidated)
1212 silly packumentCache full:https://registry.npmjs.org/uri-js set size:42559 disposed:false
1213 http fetch GET 200 https://registry.npmjs.org/json-schema-traverse 243ms (cache revalidated)
1214 silly packumentCache full:https://registry.npmjs.org/json-schema-traverse set size:23537 disposed:false
1215 http fetch GET 200 https://registry.npmjs.org/@types%2fjson-schema 261ms (cache revalidated)
1216 silly packumentCache full:https://registry.npmjs.org/@types%2fjson-schema set size:44704 disposed:false
1217 http fetch GET 200 https://registry.npmjs.org/ts-toolbelt 316ms (cache revalidated)
1218 silly packumentCache full:https://registry.npmjs.org/ts-toolbelt set size:10549005 disposed:false
1219 silly placeDep node_modules/vercel fast-deep-equal@3.1.3 OK for: ajv@8.6.3 want: ^3.1.1
1220 silly placeDep node_modules/vercel json-schema-traverse@1.0.0 OK for: ajv@8.6.3 want: ^1.0.0
1221 silly placeDep node_modules/vercel require-from-string@2.0.2 OK for: ajv@8.6.3 want: ^2.0.2
1222 silly placeDep node_modules/vercel uri-js@4.4.1 OK for: ajv@8.6.3 want: ^4.2.2
1223 silly fetch manifest punycode@^2.1.0
1224 silly packumentCache full:https://registry.npmjs.org/punycode cache-miss
1225 http fetch GET 200 https://registry.npmjs.org/punycode 265ms (cache revalidated)
1226 silly packumentCache full:https://registry.npmjs.org/punycode set size:61278 disposed:false
1227 silly placeDep node_modules/vercel retry@0.13.1 OK for: async-retry@1.3.3 want: 0.13.1
1228 silly placeDep node_modules/vercel file-uri-to-path@1.0.0 OK for: bindings@1.5.0 want: 1.0.0
1229 silly placeDep node_modules/vercel readdirp@4.1.2 OK for: chokidar@4.0.0 want: ^4.0.1
1230 silly placeDep node_modules/vercel/node_modules/debug ms@2.1.2 OK for: debug@4.3.4 want: 2.1.2
1231 silly placeDep node_modules/vercel @edge-runtime/format@2.2.1 OK for: edge-runtime@2.5.9 want: 2.2.1
1232 silly placeDep node_modules/vercel @edge-runtime/ponyfill@2.4.2 OK for: edge-runtime@2.5.9 want: 2.4.2
1233 silly placeDep node_modules/vercel/node_modules/edge-runtime async-listen@3.0.1 OK for: edge-runtime@2.5.9 want: 3.0.1
1234 silly placeDep node_modules/vercel mri@1.2.0 OK for: edge-runtime@2.5.9 want: 1.2.0
1235 silly placeDep node_modules/vercel picocolors@1.0.0 OK for: edge-runtime@2.5.9 want: 1.0.0
1236 silly placeDep node_modules/vercel pretty-ms@7.0.1 OK for: edge-runtime@2.5.9 want: 7.0.1
1237 silly placeDep node_modules/vercel signal-exit@4.0.2 OK for: edge-runtime@2.5.9 want: 4.0.2
1238 silly placeDep node_modules/vercel time-span@4.0.0 OK for: edge-runtime@2.5.9 want: 4.0.0
1239 silly fetch manifest parse-ms@^2.1.0
1240 silly packumentCache full:https://registry.npmjs.org/parse-ms cache-miss
1241 silly fetch manifest convert-hrtime@^3.0.0
1242 silly packumentCache full:https://registry.npmjs.org/convert-hrtime cache-miss
1243 http fetch GET 200 https://registry.npmjs.org/parse-ms 199ms (cache revalidated)
1244 silly packumentCache full:https://registry.npmjs.org/parse-ms set size:18020 disposed:false
1245 http fetch GET 200 https://registry.npmjs.org/convert-hrtime 201ms (cache revalidated)
1246 silly packumentCache full:https://registry.npmjs.org/convert-hrtime set size:12856 disposed:false
1247 silly placeDep node_modules/vercel @esbuild/aix-ppc64@0.27.0 OK for: esbuild@0.27.0 want: 0.27.0
1248 silly placeDep node_modules/vercel @esbuild/android-arm@0.27.0 OK for: esbuild@0.27.0 want: 0.27.0
1249 silly placeDep node_modules/vercel @esbuild/android-arm64@0.27.0 OK for: esbuild@0.27.0 want: 0.27.0
1250 silly placeDep node_modules/vercel @esbuild/android-x64@0.27.0 OK for: esbuild@0.27.0 want: 0.27.0
1251 silly placeDep node_modules/vercel @esbuild/darwin-arm64@0.27.0 OK for: esbuild@0.27.0 want: 0.27.0
1252 silly placeDep node_modules/vercel @esbuild/darwin-x64@0.27.0 OK for: esbuild@0.27.0 want: 0.27.0
1253 silly placeDep node_modules/vercel @esbuild/freebsd-arm64@0.27.0 OK for: esbuild@0.27.0 want: 0.27.0
1254 silly placeDep node_modules/vercel @esbuild/freebsd-x64@0.27.0 OK for: esbuild@0.27.0 want: 0.27.0
1255 silly placeDep node_modules/vercel @esbuild/linux-arm@0.27.0 OK for: esbuild@0.27.0 want: 0.27.0
1256 silly placeDep node_modules/vercel @esbuild/linux-arm64@0.27.0 OK for: esbuild@0.27.0 want: 0.27.0
1257 silly placeDep node_modules/vercel @esbuild/linux-ia32@0.27.0 OK for: esbuild@0.27.0 want: 0.27.0
1258 silly placeDep node_modules/vercel @esbuild/linux-loong64@0.27.0 OK for: esbuild@0.27.0 want: 0.27.0
1259 silly placeDep node_modules/vercel @esbuild/linux-mips64el@0.27.0 OK for: esbuild@0.27.0 want: 0.27.0
1260 silly placeDep node_modules/vercel @esbuild/linux-ppc64@0.27.0 OK for: esbuild@0.27.0 want: 0.27.0
1261 silly placeDep node_modules/vercel @esbuild/linux-riscv64@0.27.0 OK for: esbuild@0.27.0 want: 0.27.0
1262 silly placeDep node_modules/vercel @esbuild/linux-s390x@0.27.0 OK for: esbuild@0.27.0 want: 0.27.0
1263 silly placeDep node_modules/vercel @esbuild/linux-x64@0.27.0 OK for: esbuild@0.27.0 want: 0.27.0
1264 silly placeDep node_modules/vercel @esbuild/netbsd-arm64@0.27.0 OK for: esbuild@0.27.0 want: 0.27.0
1265 silly placeDep node_modules/vercel @esbuild/netbsd-x64@0.27.0 OK for: esbuild@0.27.0 want: 0.27.0
1266 silly placeDep node_modules/vercel @esbuild/openbsd-arm64@0.27.0 OK for: esbuild@0.27.0 want: 0.27.0
1267 silly placeDep node_modules/vercel @esbuild/openbsd-x64@0.27.0 OK for: esbuild@0.27.0 want: 0.27.0
1268 silly placeDep node_modules/vercel @esbuild/openharmony-arm64@0.27.0 OK for: esbuild@0.27.0 want: 0.27.0
1269 silly placeDep node_modules/vercel @esbuild/sunos-x64@0.27.0 OK for: esbuild@0.27.0 want: 0.27.0
1270 silly placeDep node_modules/vercel @esbuild/win32-arm64@0.27.0 OK for: esbuild@0.27.0 want: 0.27.0
1271 silly placeDep node_modules/vercel @esbuild/win32-ia32@0.27.0 OK for: esbuild@0.27.0 want: 0.27.0
1272 silly placeDep node_modules/vercel @esbuild/win32-x64@0.27.0 OK for: esbuild@0.27.0 want: 0.27.0
1273 silly placeDep node_modules/vercel cross-spawn@7.0.6 OK for: execa@3.2.0 want: ^7.0.0
1274 silly placeDep node_modules/vercel get-stream@5.2.0 OK for: execa@3.2.0 want: ^5.0.0
1275 silly placeDep node_modules/vercel human-signals@1.1.1 OK for: execa@3.2.0 want: ^1.1.1
1276 silly placeDep node_modules/vercel is-stream@2.0.1 OK for: execa@3.2.0 want: ^2.0.0
1277 silly placeDep node_modules/vercel merge-stream@2.0.0 OK for: execa@3.2.0 want: ^2.0.0
1278 silly placeDep node_modules/vercel npm-run-path@4.0.1 OK for: execa@3.2.0 want: ^4.0.0
1279 silly placeDep node_modules/vercel onetime@5.1.2 OK for: execa@3.2.0 want: ^5.1.0
1280 silly placeDep node_modules/vercel p-finally@2.0.1 OK for: execa@3.2.0 want: ^2.0.0
1281 silly placeDep node_modules/vercel/node_modules/execa signal-exit@3.0.7 OK for: execa@3.2.0 want: ^3.0.2
1282 silly placeDep node_modules/vercel strip-final-newline@2.0.0 OK for: execa@3.2.0 want: ^2.0.0
1283 silly fetch manifest which@^2.0.1
1284 silly packumentCache full:https://registry.npmjs.org/which cache-miss
1285 silly fetch manifest path-key@^3.1.0
1286 silly packumentCache full:https://registry.npmjs.org/path-key cache-miss
1287 silly fetch manifest shebang-command@^2.0.0
1288 silly packumentCache full:https://registry.npmjs.org/shebang-command cache-miss
1289 silly fetch manifest pump@^3.0.0
1290 silly packumentCache full:https://registry.npmjs.org/pump cache-miss
1291 silly fetch manifest path-key@^3.0.0
1292 silly packumentCache full:https://registry.npmjs.org/path-key cache-miss
1293 silly fetch manifest mimic-fn@^2.1.0
1294 silly packumentCache full:https://registry.npmjs.org/mimic-fn cache-miss
1295 http fetch GET 200 https://registry.npmjs.org/pump 197ms (cache revalidated)
1296 silly packumentCache full:https://registry.npmjs.org/pump set size:41178 disposed:false
1297 http fetch GET 200 https://registry.npmjs.org/shebang-command 217ms (cache revalidated)
1298 silly packumentCache full:https://registry.npmjs.org/shebang-command set size:8525 disposed:false
1299 http fetch GET 200 https://registry.npmjs.org/mimic-fn 216ms (cache revalidated)
1300 silly packumentCache full:https://registry.npmjs.org/mimic-fn set size:22257 disposed:false
1301 http fetch GET 200 https://registry.npmjs.org/path-key 233ms (cache revalidated)
1302 silly packumentCache full:https://registry.npmjs.org/path-key set size:16975 disposed:false
1303 http fetch GET 200 https://registry.npmjs.org/path-key 232ms (cache revalidated)
1304 silly packumentCache full:https://registry.npmjs.org/path-key set size:16975 disposed:false
1305 silly packumentCache full:https://registry.npmjs.org/path-key dispose
1306 http fetch GET 200 https://registry.npmjs.org/which 240ms (cache revalidated)
1307 silly packumentCache full:https://registry.npmjs.org/which set size:70087 disposed:false
1308 silly placeDep node_modules/vercel path-key@3.1.1 OK for: cross-spawn@7.0.6 want: ^3.1.0
1309 silly placeDep node_modules/vercel shebang-command@2.0.0 OK for: cross-spawn@7.0.6 want: ^2.0.0
1310 silly placeDep node_modules/vercel which@2.0.2 OK for: cross-spawn@7.0.6 want: ^2.0.1
1311 silly fetch manifest shebang-regex@^3.0.0
1312 silly packumentCache full:https://registry.npmjs.org/shebang-regex cache-miss
1313 silly fetch manifest isexe@^2.0.0
1314 silly packumentCache full:https://registry.npmjs.org/isexe cache-miss
1315 http fetch GET 200 https://registry.npmjs.org/isexe 198ms (cache revalidated)
1316 silly packumentCache full:https://registry.npmjs.org/isexe set size:31756 disposed:false
1317 http fetch GET 200 https://registry.npmjs.org/shebang-regex 221ms (cache revalidated)
1318 silly packumentCache full:https://registry.npmjs.org/shebang-regex set size:9763 disposed:false
1319 silly placeDep node_modules/vercel jsonfile@6.2.1 OK for: fs-extra@11.1.0 want: ^6.0.1
1320 silly placeDep node_modules/vercel universalify@2.0.1 OK for: fs-extra@11.1.0 want: ^2.0.0
1321 silly placeDep node_modules/vercel pump@3.0.4 OK for: get-stream@5.2.0 want: ^3.0.0
1322 silly fetch manifest end-of-stream@^1.1.0
1323 silly packumentCache full:https://registry.npmjs.org/end-of-stream cache-hit
1324 silly fetch manifest once@^1.3.1
1325 silly packumentCache full:https://registry.npmjs.org/once cache-miss
1326 http fetch GET 200 https://registry.npmjs.org/once 201ms (cache revalidated)
1327 silly packumentCache full:https://registry.npmjs.org/once set size:11752 disposed:false
1328 silly placeDep node_modules/vercel/node_modules/glob minimatch@10.2.6 OK for: glob@13.0.6 want: ^10.2.2
1329 silly placeDep node_modules/vercel minipass@7.1.3 OK for: glob@13.0.6 want: ^7.1.3
1330 silly placeDep node_modules/vercel path-scurry@2.0.2 OK for: glob@13.0.6 want: ^2.0.2
1331 silly fetch manifest brace-expansion@^5.0.8
1332 silly packumentCache full:https://registry.npmjs.org/brace-expansion cache-miss
1333 silly fetch manifest lru-cache@^11.0.0
1334 silly packumentCache full:https://registry.npmjs.org/lru-cache cache-hit
1335 http fetch GET 200 https://registry.npmjs.org/brace-expansion 258ms (cache updated)
1336 silly packumentCache full:https://registry.npmjs.org/brace-expansion set size:undefined disposed:false
1337 silly placeDep node_modules/vercel agent-base@7.1.4 OK for: https-proxy-agent@7.0.6 want: ^7.1.2
1338 silly placeDep node_modules/vercel argparse@2.0.1 OK for: js-yaml@4.1.1 want: ^2.0.1
1339 silly placeDep node_modules/vercel @types/json-schema@7.0.15 OK for: json-schema-to-ts@1.6.4 want: ^7.0.6
1340 silly placeDep node_modules/vercel ts-toolbelt@6.15.5 OK for: json-schema-to-ts@1.6.4 want: ^6.15.5
1341 silly placeDep node_modules/vercel arg@4.1.0 OK for: micro@9.3.5-canary.3 want: 4.1.0
1342 silly placeDep node_modules/vercel content-type@1.0.4 OK for: micro@9.3.5-canary.3 want: 1.0.4
1343 silly placeDep node_modules/vercel raw-body@2.4.1 OK for: micro@9.3.5-canary.3 want: 2.4.1
1344 silly fetch manifest bytes@3.1.0
1345 silly packumentCache full:https://registry.npmjs.org/bytes cache-miss
1346 silly fetch manifest unpipe@1.0.0
1347 silly packumentCache full:https://registry.npmjs.org/unpipe cache-miss
1348 silly fetch manifest iconv-lite@0.4.24
1349 silly packumentCache full:https://registry.npmjs.org/iconv-lite cache-miss
1350 silly fetch manifest http-errors@1.7.3
1351 silly packumentCache full:https://registry.npmjs.org/http-errors cache-miss
1352 http fetch GET 200 https://registry.npmjs.org/bytes 215ms (cache revalidated)
1353 silly packumentCache full:https://registry.npmjs.org/bytes set size:37018 disposed:false
1354 http fetch GET 200 https://registry.npmjs.org/iconv-lite 226ms (cache revalidated)
1355 silly packumentCache full:https://registry.npmjs.org/iconv-lite set size:126462 disposed:false
1356 http fetch GET 200 https://registry.npmjs.org/http-errors 233ms (cache revalidated)
1357 silly packumentCache full:https://registry.npmjs.org/http-errors set size:71987 disposed:false
1358 http fetch GET 200 https://registry.npmjs.org/unpipe 248ms (cache revalidated)
1359 silly packumentCache full:https://registry.npmjs.org/unpipe set size:3609 disposed:false
1360 silly placeDep node_modules/vercel mime-db@1.52.0 OK for: mime-types@2.1.35 want: 1.52.0
1361 silly placeDep node_modules/vercel @isaacs/brace-expansion@5.0.1 OK for: minimatch@10.1.1 want: ^5.0.0
1362 silly fetch manifest @isaacs/balanced-match@^4.0.1
1363 silly packumentCache full:https://registry.npmjs.org/@isaacs%2fbalanced-match cache-miss
1364 http fetch GET 200 https://registry.npmjs.org/@isaacs%2fbalanced-match 198ms (cache revalidated)
1365 silly packumentCache full:https://registry.npmjs.org/@isaacs%2fbalanced-match set size:7823 disposed:false
1366 silly placeDep node_modules/vercel @isaacs/balanced-match@4.0.1 OK for: @isaacs/brace-expansion@5.0.1 want: ^4.0.1
1367 silly placeDep node_modules/vercel whatwg-url@5.0.0 OK for: node-fetch@2.6.7 want: ^5.0.0
1368 silly fetch manifest tr46@~0.0.3
1369 silly packumentCache full:https://registry.npmjs.org/tr46 cache-miss
1370 silly fetch manifest webidl-conversions@^3.0.0
1371 silly packumentCache full:https://registry.npmjs.org/webidl-conversions cache-miss
1372 http fetch GET 200 https://registry.npmjs.org/tr46 218ms (cache revalidated)
1373 silly packumentCache full:https://registry.npmjs.org/tr46 set size:47377 disposed:false
1374 http fetch GET 200 https://registry.npmjs.org/webidl-conversions 221ms (cache revalidated)
1375 silly packumentCache full:https://registry.npmjs.org/webidl-conversions set size:46073 disposed:false
1376 silly placeDep node_modules/vercel abbrev@3.0.1 OK for: nopt@8.1.0 want: ^3.0.0
1377 silly placeDep node_modules/vercel mimic-fn@2.1.0 OK for: onetime@5.1.2 want: ^2.1.0
1378 silly placeDep node_modules/vercel define-lazy-prop@2.0.0 OK for: open@8.4.0 want: ^2.0.0
1379 silly placeDep node_modules/vercel is-docker@2.2.1 OK for: open@8.4.0 want: ^2.1.1
1380 silly placeDep node_modules/vercel is-wsl@2.2.0 OK for: open@8.4.0 want: ^2.2.0
1381 silly placeDep node_modules/vercel @oxc-transform/binding-android-arm-eabi@0.111.0 OK for: oxc-transform@0.111.0 want: 0.111.0
1382 silly placeDep node_modules/vercel @oxc-transform/binding-android-arm64@0.111.0 OK for: oxc-transform@0.111.0 want: 0.111.0
1383 silly placeDep node_modules/vercel @oxc-transform/binding-darwin-arm64@0.111.0 OK for: oxc-transform@0.111.0 want: 0.111.0
1384 silly placeDep node_modules/vercel @oxc-transform/binding-darwin-x64@0.111.0 OK for: oxc-transform@0.111.0 want: 0.111.0
1385 silly placeDep node_modules/vercel @oxc-transform/binding-freebsd-x64@0.111.0 OK for: oxc-transform@0.111.0 want: 0.111.0
1386 silly placeDep node_modules/vercel @oxc-transform/binding-linux-arm-gnueabihf@0.111.0 OK for: oxc-transform@0.111.0 want: 0.111.0
1387 silly placeDep node_modules/vercel @oxc-transform/binding-linux-arm-musleabihf@0.111.0 OK for: oxc-transform@0.111.0 want: 0.111.0
1388 silly placeDep node_modules/vercel @oxc-transform/binding-linux-arm64-gnu@0.111.0 OK for: oxc-transform@0.111.0 want: 0.111.0
1389 silly placeDep node_modules/vercel @oxc-transform/binding-linux-arm64-musl@0.111.0 OK for: oxc-transform@0.111.0 want: 0.111.0
1390 silly placeDep node_modules/vercel @oxc-transform/binding-linux-ppc64-gnu@0.111.0 OK for: oxc-transform@0.111.0 want: 0.111.0
1391 silly placeDep node_modules/vercel @oxc-transform/binding-linux-riscv64-gnu@0.111.0 OK for: oxc-transform@0.111.0 want: 0.111.0
1392 silly placeDep node_modules/vercel @oxc-transform/binding-linux-riscv64-musl@0.111.0 OK for: oxc-transform@0.111.0 want: 0.111.0
1393 silly placeDep node_modules/vercel @oxc-transform/binding-linux-s390x-gnu@0.111.0 OK for: oxc-transform@0.111.0 want: 0.111.0
1394 silly placeDep node_modules/vercel @oxc-transform/binding-linux-x64-gnu@0.111.0 OK for: oxc-transform@0.111.0 want: 0.111.0
1395 silly placeDep node_modules/vercel @oxc-transform/binding-linux-x64-musl@0.111.0 OK for: oxc-transform@0.111.0 want: 0.111.0
1396 silly placeDep node_modules/vercel @oxc-transform/binding-openharmony-arm64@0.111.0 OK for: oxc-transform@0.111.0 want: 0.111.0
1397 silly placeDep node_modules/vercel @oxc-transform/binding-wasm32-wasi@0.111.0 OK for: oxc-transform@0.111.0 want: 0.111.0
1398 silly placeDep node_modules/vercel @oxc-transform/binding-win32-arm64-msvc@0.111.0 OK for: oxc-transform@0.111.0 want: 0.111.0
1399 silly placeDep node_modules/vercel @oxc-transform/binding-win32-ia32-msvc@0.111.0 OK for: oxc-transform@0.111.0 want: 0.111.0
1400 silly placeDep node_modules/vercel @oxc-transform/binding-win32-x64-msvc@0.111.0 OK for: oxc-transform@0.111.0 want: 0.111.0
1401 silly fetch manifest @napi-rs/wasm-runtime@^1.1.1
1402 silly packumentCache full:https://registry.npmjs.org/@napi-rs%2fwasm-runtime cache-miss
1403 http fetch GET 200 https://registry.npmjs.org/@napi-rs%2fwasm-runtime 249ms (cache updated)
1404 silly packumentCache full:https://registry.npmjs.org/@napi-rs%2fwasm-runtime set size:undefined disposed:false
1405 silly fetch manifest @emnapi/core@^1.7.1 || ^2.0.0-alpha.3
1406 silly packumentCache full:https://registry.npmjs.org/@emnapi%2fcore cache-miss
1407 http fetch GET 200 https://registry.npmjs.org/@emnapi%2fcore 211ms (cache revalidated)
1408 silly packumentCache full:https://registry.npmjs.org/@emnapi%2fcore set size:121716 disposed:false
1409 silly fetch manifest @emnapi/runtime@^1.7.1 || ^2.0.0-alpha.3
1410 silly packumentCache full:https://registry.npmjs.org/@emnapi%2fruntime cache-miss
1411 http fetch GET 200 https://registry.npmjs.org/@emnapi%2fruntime 219ms (cache revalidated)
1412 silly packumentCache full:https://registry.npmjs.org/@emnapi%2fruntime set size:122916 disposed:false
1413 silly placeDep node_modules/vercel @napi-rs/wasm-runtime@1.2.2 OK for: @oxc-transform/binding-wasm32-wasi@0.111.0 want: ^1.1.1
1414 silly placeDep node_modules/vercel @emnapi/core@1.11.3 OK for: @napi-rs/wasm-runtime@1.2.2 want: ^1.7.1 || ^2.0.0-alpha.3
1415 silly placeDep node_modules/vercel @emnapi/runtime@1.11.3 OK for: @napi-rs/wasm-runtime@1.2.2 want: ^1.7.1 || ^2.0.0-alpha.3
1416 silly fetch manifest @tybys/wasm-util@^0.10.3
1417 silly packumentCache full:https://registry.npmjs.org/@tybys%2fwasm-util cache-miss
1418 silly fetch manifest tslib@^2.4.0
1419 silly packumentCache full:https://registry.npmjs.org/tslib cache-miss
1420 silly fetch manifest tslib@^2.4.0
1421 silly packumentCache full:https://registry.npmjs.org/tslib cache-miss
1422 silly fetch manifest @emnapi/wasi-threads@1.2.3
1423 silly packumentCache full:https://registry.npmjs.org/@emnapi%2fwasi-threads cache-miss
1424 http fetch GET 200 https://registry.npmjs.org/tslib 197ms (cache revalidated)
1425 silly packumentCache full:https://registry.npmjs.org/tslib set size:108843 disposed:false
1426 http fetch GET 200 https://registry.npmjs.org/@tybys%2fwasm-util 238ms (cache revalidated)
1427 silly packumentCache full:https://registry.npmjs.org/@tybys%2fwasm-util set size:60108 disposed:false
1428 http fetch GET 200 https://registry.npmjs.org/tslib 250ms (cache revalidated)
1429 silly packumentCache full:https://registry.npmjs.org/tslib set size:108843 disposed:false
1430 silly packumentCache full:https://registry.npmjs.org/tslib dispose
1431 http fetch GET 200 https://registry.npmjs.org/@emnapi%2fwasi-threads 255ms (cache revalidated)
1432 silly packumentCache full:https://registry.npmjs.org/@emnapi%2fwasi-threads set size:27058 disposed:false
1433 silly placeDep node_modules/vercel @emnapi/wasi-threads@1.2.3 OK for: @emnapi/core@1.11.3 want: 1.2.3
1434 silly placeDep node_modules/vercel tslib@2.8.1 OK for: @emnapi/core@1.11.3 want: ^2.4.0
1435 silly placeDep node_modules/vercel @tybys/wasm-util@0.10.3 OK for: @napi-rs/wasm-runtime@1.2.2 want: ^0.10.3
1436 silly placeDep node_modules/vercel lru-cache@11.5.2 OK for: path-scurry@2.0.2 want: ^11.0.0
1437 silly placeDep node_modules/vercel parse-ms@2.1.0 OK for: pretty-ms@7.0.1 want: ^2.1.0
1438 silly placeDep node_modules/vercel end-of-stream@1.4.5 OK for: pump@3.0.4 want: ^1.1.0
1439 silly placeDep node_modules/vercel once@1.4.0 OK for: pump@3.0.4 want: ^1.3.1
1440 silly fetch manifest once@^1.4.0
1441 silly packumentCache full:https://registry.npmjs.org/once cache-hit
1442 silly fetch manifest wrappy@1
1443 silly packumentCache full:https://registry.npmjs.org/wrappy cache-miss
1444 http fetch GET 200 https://registry.npmjs.org/wrappy 180ms (cache revalidated)
1445 silly packumentCache full:https://registry.npmjs.org/wrappy set size:7682 disposed:false
1446 silly placeDep node_modules/vercel wrappy@1.0.2 OK for: once@1.4.0 want: 1
1447 silly placeDep node_modules/vercel bytes@3.1.0 OK for: raw-body@2.4.1 want: 3.1.0
1448 silly placeDep node_modules/vercel http-errors@1.7.3 OK for: raw-body@2.4.1 want: 1.7.3
1449 silly placeDep node_modules/vercel iconv-lite@0.4.24 OK for: raw-body@2.4.1 want: 0.4.24
1450 silly placeDep node_modules/vercel unpipe@1.0.0 OK for: raw-body@2.4.1 want: 1.0.0
1451 silly fetch manifest depd@~1.1.2
1452 silly packumentCache full:https://registry.npmjs.org/depd cache-miss
1453 silly fetch manifest inherits@2.0.4
1454 silly packumentCache full:https://registry.npmjs.org/inherits cache-miss
1455 silly fetch manifest statuses@>= 1.5.0 < 2
1456 silly packumentCache full:https://registry.npmjs.org/statuses cache-miss
1457 silly fetch manifest toidentifier@1.0.0
1458 silly packumentCache full:https://registry.npmjs.org/toidentifier cache-miss
1459 silly fetch manifest setprototypeof@1.1.1
1460 silly packumentCache full:https://registry.npmjs.org/setprototypeof cache-miss
1461 silly fetch manifest safer-buffer@>= 2.1.2 < 3
1462 silly packumentCache full:https://registry.npmjs.org/safer-buffer cache-miss
1463 http fetch GET 200 https://registry.npmjs.org/depd 197ms (cache revalidated)
1464 silly packumentCache full:https://registry.npmjs.org/depd set size:40182 disposed:false
1465 http fetch GET 200 https://registry.npmjs.org/setprototypeof 196ms (cache revalidated)
1466 silly packumentCache full:https://registry.npmjs.org/setprototypeof set size:14532 disposed:false
1467 http fetch GET 200 https://registry.npmjs.org/inherits 211ms (cache revalidated)
1468 silly packumentCache full:https://registry.npmjs.org/inherits set size:12925 disposed:false
1469 http fetch GET 200 https://registry.npmjs.org/toidentifier 234ms (cache revalidated)
1470 silly packumentCache full:https://registry.npmjs.org/toidentifier set size:12006 disposed:false
1471 http fetch GET 200 https://registry.npmjs.org/safer-buffer 235ms (cache revalidated)
1472 silly packumentCache full:https://registry.npmjs.org/safer-buffer set size:18521 disposed:false
1473 http fetch GET 200 https://registry.npmjs.org/statuses 247ms (cache revalidated)
1474 silly packumentCache full:https://registry.npmjs.org/statuses set size:37117 disposed:false
1475 silly placeDep node_modules/vercel depd@1.1.2 OK for: http-errors@1.7.3 want: ~1.1.2
1476 silly placeDep node_modules/vercel inherits@2.0.4 OK for: http-errors@1.7.3 want: 2.0.4
1477 silly placeDep node_modules/vercel setprototypeof@1.1.1 OK for: http-errors@1.7.3 want: 1.1.1
1478 silly placeDep node_modules/vercel statuses@1.5.0 OK for: http-errors@1.7.3 want: >= 1.5.0 < 2
1479 silly placeDep node_modules/vercel toidentifier@1.0.0 OK for: http-errors@1.7.3 want: 1.0.0
1480 silly placeDep node_modules/vercel safer-buffer@2.1.2 OK for: iconv-lite@0.4.24 want: >= 2.1.2 < 3
1481 silly placeDep node_modules/vercel @oxc-project/types@0.110.0 OK for: rolldown@1.0.0-rc.1 want: =0.110.0
1482 silly placeDep node_modules/vercel @rolldown/binding-android-arm64@1.0.0-rc.1 OK for: rolldown@1.0.0-rc.1 want: 1.0.0-rc.1
1483 silly placeDep node_modules/vercel @rolldown/binding-darwin-arm64@1.0.0-rc.1 OK for: rolldown@1.0.0-rc.1 want: 1.0.0-rc.1
1484 silly placeDep node_modules/vercel @rolldown/binding-darwin-x64@1.0.0-rc.1 OK for: rolldown@1.0.0-rc.1 want: 1.0.0-rc.1
1485 silly placeDep node_modules/vercel @rolldown/binding-freebsd-x64@1.0.0-rc.1 OK for: rolldown@1.0.0-rc.1 want: 1.0.0-rc.1
1486 silly placeDep node_modules/vercel @rolldown/binding-linux-arm-gnueabihf@1.0.0-rc.1 OK for: rolldown@1.0.0-rc.1 want: 1.0.0-rc.1
1487 silly placeDep node_modules/vercel @rolldown/binding-linux-arm64-gnu@1.0.0-rc.1 OK for: rolldown@1.0.0-rc.1 want: 1.0.0-rc.1
1488 silly placeDep node_modules/vercel @rolldown/binding-linux-arm64-musl@1.0.0-rc.1 OK for: rolldown@1.0.0-rc.1 want: 1.0.0-rc.1
1489 silly placeDep node_modules/vercel @rolldown/binding-linux-x64-gnu@1.0.0-rc.1 OK for: rolldown@1.0.0-rc.1 want: 1.0.0-rc.1
1490 silly placeDep node_modules/vercel @rolldown/binding-linux-x64-musl@1.0.0-rc.1 OK for: rolldown@1.0.0-rc.1 want: 1.0.0-rc.1
1491 silly placeDep node_modules/vercel @rolldown/binding-openharmony-arm64@1.0.0-rc.1 OK for: rolldown@1.0.0-rc.1 want: 1.0.0-rc.1
1492 silly placeDep node_modules/vercel @rolldown/binding-wasm32-wasi@1.0.0-rc.1 OK for: rolldown@1.0.0-rc.1 want: 1.0.0-rc.1
1493 silly placeDep node_modules/vercel @rolldown/binding-win32-arm64-msvc@1.0.0-rc.1 OK for: rolldown@1.0.0-rc.1 want: 1.0.0-rc.1
1494 silly placeDep node_modules/vercel @rolldown/binding-win32-x64-msvc@1.0.0-rc.1 OK for: rolldown@1.0.0-rc.1 want: 1.0.0-rc.1
1495 silly placeDep node_modules/vercel @rolldown/pluginutils@1.0.0-rc.1 OK for: rolldown@1.0.0-rc.1 want: 1.0.0-rc.1
1496 silly fetch manifest bufferutil@^4.0.1
1497 silly packumentCache full:https://registry.npmjs.org/bufferutil cache-miss
1498 http fetch GET 200 https://registry.npmjs.org/bufferutil 241ms (cache revalidated)
1499 silly packumentCache full:https://registry.npmjs.org/bufferutil set size:52668 disposed:false
1500 silly fetch manifest utf-8-validate@>=5.0.2
1501 silly packumentCache full:https://registry.npmjs.org/utf-8-validate cache-miss
1502 http fetch GET 200 https://registry.npmjs.org/utf-8-validate 182ms (cache revalidated)
1503 silly packumentCache full:https://registry.npmjs.org/utf-8-validate set size:77012 disposed:false
1504 silly placeDep node_modules/vercel @vercel/sandbox@2.4.0 OK for: sandbox@3.4.0 want: 2.4.0
1505 silly placeDep node_modules/vercel/node_modules/sandbox debug@4.4.3 OK for: sandbox@3.4.0 want: ^4.4.1
1506 silly placeDep node_modules/vercel ws@8.21.1 OK for: sandbox@3.4.0 want: ^8.21.0
1507 silly fetch manifest ms@2.1.3
1508 silly packumentCache full:https://registry.npmjs.org/ms cache-hit
1509 silly fetch manifest jose@6.2.3
1510 silly packumentCache full:https://registry.npmjs.org/jose cache-miss
1511 silly fetch manifest undici@^7.27.1
1512 silly packumentCache full:https://registry.npmjs.org/undici cache-miss
1513 silly fetch manifest jsonlines@0.1.1
1514 silly packumentCache full:https://registry.npmjs.org/jsonlines cache-miss
1515 silly fetch manifest picocolors@^1.1.1
1516 silly packumentCache full:https://registry.npmjs.org/picocolors cache-hit
1517 silly fetch manifest tar-stream@3.1.7
1518 silly packumentCache full:https://registry.npmjs.org/tar-stream cache-miss
1519 silly fetch manifest @vercel/oidc@3.2.0
1520 silly packumentCache full:https://registry.npmjs.org/@vercel%2foidc cache-miss
1521 silly fetch manifest @workflow/serde@4.1.0-beta.2
1522 silly packumentCache full:https://registry.npmjs.org/@workflow%2fserde cache-miss
1523 silly fetch manifest ms@^2.1.3
1524 silly packumentCache full:https://registry.npmjs.org/ms cache-hit
1525 http cache https://registry.npmjs.org/undici 48ms (cache hit)
1526 silly packumentCache full:https://registry.npmjs.org/undici set size:1490559 disposed:false
1527 http cache https://registry.npmjs.org/jose 100ms (cache hit)
1528 silly packumentCache full:https://registry.npmjs.org/jose set size:1435202 disposed:false
1529 http fetch GET 200 https://registry.npmjs.org/@workflow%2fserde 204ms (cache revalidated)
1530 silly packumentCache full:https://registry.npmjs.org/@workflow%2fserde set size:23362 disposed:false
1531 http fetch GET 200 https://registry.npmjs.org/jsonlines 233ms (cache revalidated)
1532 silly packumentCache full:https://registry.npmjs.org/jsonlines set size:5449 disposed:false
1533 http fetch GET 200 https://registry.npmjs.org/tar-stream 234ms (cache revalidated)
1534 silly packumentCache full:https://registry.npmjs.org/tar-stream set size:137875 disposed:false
1535 http fetch GET 200 https://registry.npmjs.org/@vercel%2foidc 248ms (cache revalidated)
1536 silly packumentCache full:https://registry.npmjs.org/@vercel%2foidc set size:82848 disposed:false
1537 silly placeDep node_modules/vercel @vercel/oidc@3.2.0 OK for: @vercel/sandbox@2.4.0 want: 3.2.0
1538 silly placeDep node_modules/vercel @workflow/serde@4.1.0-beta.2 OK for: @vercel/sandbox@2.4.0 want: 4.1.0-beta.2
1539 silly placeDep node_modules/vercel/node_modules/@vercel/sandbox jose@6.2.3 OK for: @vercel/sandbox@2.4.0 want: 6.2.3
1540 silly placeDep node_modules/vercel jsonlines@0.1.1 OK for: @vercel/sandbox@2.4.0 want: 0.1.1
1541 silly placeDep node_modules/vercel/node_modules/@vercel/sandbox ms@2.1.3 OK for: @vercel/sandbox@2.4.0 want: 2.1.3
1542 silly placeDep node_modules/vercel/node_modules/@vercel/sandbox picocolors@1.1.1 OK for: @vercel/sandbox@2.4.0 want: ^1.1.1
1543 silly placeDep node_modules/vercel tar-stream@3.1.7 OK for: @vercel/sandbox@2.4.0 want: 3.1.7
1544 silly placeDep node_modules/vercel/node_modules/@vercel/sandbox undici@7.29.0 OK for: @vercel/sandbox@2.4.0 want: ^7.27.1
1545 silly placeDep node_modules/vercel/node_modules/@vercel/sandbox xdg-app-paths@5.1.0 OK for: @vercel/sandbox@2.4.0 want: 5.1.0
1546 silly fetch manifest b4a@^1.6.4
1547 silly packumentCache full:https://registry.npmjs.org/b4a cache-miss
1548 silly fetch manifest streamx@^2.15.0
1549 silly packumentCache full:https://registry.npmjs.org/streamx cache-miss
1550 silly fetch manifest fast-fifo@^1.2.0
1551 silly packumentCache full:https://registry.npmjs.org/fast-fifo cache-miss
1552 http fetch GET 200 https://registry.npmjs.org/b4a 197ms (cache revalidated)
1553 silly packumentCache full:https://registry.npmjs.org/b4a set size:71632 disposed:false
1554 http fetch GET 200 https://registry.npmjs.org/streamx 206ms (cache revalidated)
1555 silly packumentCache full:https://registry.npmjs.org/streamx set size:167396 disposed:false
1556 http fetch GET 200 https://registry.npmjs.org/fast-fifo 225ms (cache revalidated)
1557 silly packumentCache full:https://registry.npmjs.org/fast-fifo set size:13855 disposed:false
1558 silly placeDep node_modules/vercel/node_modules/semver lru-cache@6.0.0 OK for: semver@7.5.4 want: ^6.0.0
1559 silly fetch manifest yallist@^4.0.0
1560 silly packumentCache full:https://registry.npmjs.org/yallist cache-hit
1561 silly placeDep node_modules/vercel shebang-regex@3.0.0 OK for: shebang-command@2.0.0 want: ^3.0.0
1562 silly placeDep node_modules/vercel any-promise@1.3.0 OK for: stream-to-promise@2.2.0 want: ~1.3.0
1563 silly placeDep node_modules/vercel/node_modules/stream-to-promise end-of-stream@1.1.0 OK for: stream-to-promise@2.2.0 want: ~1.1.0
1564 silly placeDep node_modules/vercel stream-to-array@2.3.0 OK for: stream-to-promise@2.2.0 want: ~2.3.0
1565 silly fetch manifest once@~1.3.0
1566 silly packumentCache full:https://registry.npmjs.org/once cache-hit
1567 silly placeDep node_modules/vercel @isaacs/fs-minipass@4.0.1 OK for: tar@7.5.7 want: ^4.0.0
1568 silly placeDep node_modules/vercel chownr@3.0.0 OK for: tar@7.5.7 want: ^3.0.0
1569 silly placeDep node_modules/vercel minizlib@3.1.0 OK for: tar@7.5.7 want: ^3.1.0
1570 silly placeDep node_modules/vercel yallist@5.0.0 OK for: tar@7.5.7 want: ^5.0.0
1571 silly fetch manifest react-native-b4a@*
1572 silly packumentCache full:https://registry.npmjs.org/react-native-b4a cache-miss
1573 http fetch GET 200 https://registry.npmjs.org/react-native-b4a 201ms (cache revalidated)
1574 silly packumentCache full:https://registry.npmjs.org/react-native-b4a set size:12027 disposed:false
1575 silly fetch manifest react@*
1576 silly packumentCache full:https://registry.npmjs.org/react cache-miss
1577 http fetch GET 200 https://registry.npmjs.org/react 1724ms (cache updated)
1578 silly packumentCache full:https://registry.npmjs.org/react set size:undefined disposed:false
1579 silly fetch manifest react-native@*
1580 silly packumentCache full:https://registry.npmjs.org/react-native cache-miss
1581 http fetch GET 200 https://registry.npmjs.org/react-native 1278ms (cache updated)
1582 silly packumentCache full:https://registry.npmjs.org/react-native set size:undefined disposed:false
1583 silly fetch manifest @react-native/jest-preset@0.86.2
1584 silly packumentCache full:https://registry.npmjs.org/@react-native%2fjest-preset cache-miss
1585 http fetch GET 200 https://registry.npmjs.org/@react-native%2fjest-preset 263ms (cache updated)
1586 silly packumentCache full:https://registry.npmjs.org/@react-native%2fjest-preset set size:undefined disposed:false
1587 silly fetch manifest @types/react@^19.1.1
1588 silly packumentCache full:https://registry.npmjs.org/@types%2freact cache-miss
1589 http fetch GET 200 https://registry.npmjs.org/@types%2freact 548ms (cache updated)
1590 silly packumentCache full:https://registry.npmjs.org/@types%2freact set size:undefined disposed:false
1591 silly placeDep node_modules/vercel b4a@1.8.1 OK for: tar-stream@3.1.7 want: ^1.6.4
1592 silly placeDep node_modules/vercel fast-fifo@1.3.2 OK for: tar-stream@3.1.7 want: ^1.2.0
1593 silly placeDep node_modules/vercel streamx@2.28.0 OK for: tar-stream@3.1.7 want: ^2.15.0
1594 silly fetch manifest events-universal@^1.0.0
1595 silly packumentCache full:https://registry.npmjs.org/events-universal cache-miss
1596 silly fetch manifest text-decoder@^1.1.0
1597 silly packumentCache full:https://registry.npmjs.org/text-decoder cache-miss
1598 http fetch GET 200 https://registry.npmjs.org/events-universal 225ms (cache revalidated)
1599 silly packumentCache full:https://registry.npmjs.org/events-universal set size:4251 disposed:false
1600 http fetch GET 200 https://registry.npmjs.org/text-decoder 227ms (cache revalidated)
1601 silly packumentCache full:https://registry.npmjs.org/text-decoder set size:22264 disposed:false
1602 silly placeDep node_modules/vercel events-universal@1.0.1 OK for: streamx@2.28.0 want: ^1.0.0
1603 silly placeDep node_modules/vercel text-decoder@1.2.7 OK for: streamx@2.28.0 want: ^1.1.0
1604 silly fetch manifest bare-events@^2.7.0
1605 silly packumentCache full:https://registry.npmjs.org/bare-events cache-miss
1606 http fetch GET 200 https://registry.npmjs.org/bare-events 184ms (cache revalidated)
1607 silly packumentCache full:https://registry.npmjs.org/bare-events set size:51893 disposed:false
1608 silly fetch manifest bare-abort-controller@*
1609 silly packumentCache full:https://registry.npmjs.org/bare-abort-controller cache-miss
1610 http fetch GET 200 https://registry.npmjs.org/bare-abort-controller 184ms (cache revalidated)
1611 silly packumentCache full:https://registry.npmjs.org/bare-abort-controller set size:11265 disposed:false
1612 silly placeDep node_modules/vercel bare-events@2.9.1 OK for: events-universal@1.0.1 want: ^2.7.0
1613 silly placeDep node_modules/vercel convert-hrtime@3.0.0 OK for: time-span@4.0.0 want: ^3.0.0
1614 silly placeDep node_modules/vercel @ts-morph/common@0.11.1 OK for: ts-morph@12.0.0 want: ~0.11.0
1615 silly placeDep node_modules/vercel code-block-writer@10.1.1 OK for: ts-morph@12.0.0 want: ^10.1.1
1616 silly fetch manifest mkdirp@^1.0.4
1617 silly packumentCache full:https://registry.npmjs.org/mkdirp cache-miss
1618 silly fetch manifest fast-glob@^3.2.7
1619 silly packumentCache full:https://registry.npmjs.org/fast-glob cache-miss
1620 silly fetch manifest minimatch@^3.0.4
1621 silly packumentCache full:https://registry.npmjs.org/minimatch cache-hit
1622 silly fetch manifest path-browserify@^1.0.1
1623 silly packumentCache full:https://registry.npmjs.org/path-browserify cache-miss
1624 http fetch GET 200 https://registry.npmjs.org/mkdirp 198ms (cache revalidated)
1625 silly packumentCache full:https://registry.npmjs.org/mkdirp set size:116415 disposed:false
1626 http fetch GET 200 https://registry.npmjs.org/path-browserify 209ms (cache revalidated)
1627 silly packumentCache full:https://registry.npmjs.org/path-browserify set size:17399 disposed:false
1628 http fetch GET 200 https://registry.npmjs.org/fast-glob 223ms (cache revalidated)
1629 silly packumentCache full:https://registry.npmjs.org/fast-glob set size:220556 disposed:false
1630 silly placeDep node_modules/vercel fast-glob@3.3.3 OK for: @ts-morph/common@0.11.1 want: ^3.2.7
1631 silly placeDep node_modules/vercel/node_modules/@ts-morph/common minimatch@3.1.5 OK for: @ts-morph/common@0.11.1 want: ^3.0.4
1632 silly placeDep node_modules/vercel mkdirp@1.0.4 OK for: @ts-morph/common@0.11.1 want: ^1.0.4
1633 silly placeDep node_modules/vercel path-browserify@1.0.1 OK for: @ts-morph/common@0.11.1 want: ^1.0.1
1634 silly fetch manifest @nodelib/fs.stat@^2.0.2
1635 silly packumentCache full:https://registry.npmjs.org/@nodelib%2ffs.stat cache-miss
1636 silly fetch manifest @nodelib/fs.walk@^1.2.3
1637 silly packumentCache full:https://registry.npmjs.org/@nodelib%2ffs.walk cache-miss
1638 silly fetch manifest glob-parent@^5.1.2
1639 silly packumentCache full:https://registry.npmjs.org/glob-parent cache-miss
1640 silly fetch manifest merge2@^1.3.0
1641 silly packumentCache full:https://registry.npmjs.org/merge2 cache-miss
1642 silly fetch manifest micromatch@^4.0.8
1643 silly packumentCache full:https://registry.npmjs.org/micromatch cache-miss
1644 silly fetch manifest brace-expansion@^1.1.7
1645 silly packumentCache full:https://registry.npmjs.org/brace-expansion cache-miss
1646 http cache https://registry.npmjs.org/brace-expansion 30ms (cache hit)
1647 silly packumentCache full:https://registry.npmjs.org/brace-expansion set size:101024 disposed:false
1648 http fetch GET 200 https://registry.npmjs.org/merge2 207ms (cache revalidated)
1649 silly packumentCache full:https://registry.npmjs.org/merge2 set size:46159 disposed:false
1650 http fetch GET 200 https://registry.npmjs.org/@nodelib%2ffs.stat 235ms (cache revalidated)
1651 silly packumentCache full:https://registry.npmjs.org/@nodelib%2ffs.stat set size:36993 disposed:false
1652 http fetch GET 200 https://registry.npmjs.org/glob-parent 236ms (cache revalidated)
1653 silly packumentCache full:https://registry.npmjs.org/glob-parent set size:42445 disposed:false
1654 http fetch GET 200 https://registry.npmjs.org/@nodelib%2ffs.walk 243ms (cache revalidated)
1655 silly packumentCache full:https://registry.npmjs.org/@nodelib%2ffs.walk set size:41589 disposed:false
1656 http fetch GET 200 https://registry.npmjs.org/micromatch 248ms (cache revalidated)
1657 silly packumentCache full:https://registry.npmjs.org/micromatch set size:240630 disposed:false
1658 silly placeDep node_modules/vercel @nodelib/fs.stat@2.0.5 OK for: fast-glob@3.3.3 want: ^2.0.2
1659 silly placeDep node_modules/vercel @nodelib/fs.walk@1.2.8 OK for: fast-glob@3.3.3 want: ^1.2.3
1660 silly placeDep node_modules/vercel glob-parent@5.1.2 OK for: fast-glob@3.3.3 want: ^5.1.2
1661 silly placeDep node_modules/vercel merge2@1.4.1 OK for: fast-glob@3.3.3 want: ^1.3.0
1662 silly placeDep node_modules/vercel micromatch@4.0.8 OK for: fast-glob@3.3.3 want: ^4.0.8
1663 silly fetch manifest fastq@^1.6.0
1664 silly packumentCache full:https://registry.npmjs.org/fastq cache-miss
1665 silly fetch manifest @nodelib/fs.scandir@2.1.5
1666 silly packumentCache full:https://registry.npmjs.org/@nodelib%2ffs.scandir cache-miss
1667 silly fetch manifest is-glob@^4.0.1
1668 silly packumentCache full:https://registry.npmjs.org/is-glob cache-miss
1669 silly fetch manifest braces@^3.0.3
1670 silly packumentCache full:https://registry.npmjs.org/braces cache-miss
1671 silly fetch manifest picomatch@^2.3.1
1672 silly packumentCache full:https://registry.npmjs.org/picomatch cache-hit
1673 http fetch GET 200 https://registry.npmjs.org/is-glob 188ms (cache revalidated)
1674 silly packumentCache full:https://registry.npmjs.org/is-glob set size:40530 disposed:false
1675 http fetch GET 200 https://registry.npmjs.org/fastq 196ms (cache revalidated)
1676 silly packumentCache full:https://registry.npmjs.org/fastq set size:78301 disposed:false
1677 http fetch GET 200 https://registry.npmjs.org/braces 207ms (cache revalidated)
1678 silly packumentCache full:https://registry.npmjs.org/braces set size:114529 disposed:false
1679 http fetch GET 200 https://registry.npmjs.org/@nodelib%2ffs.scandir 231ms (cache revalidated)
1680 silly packumentCache full:https://registry.npmjs.org/@nodelib%2ffs.scandir set size:49256 disposed:false
1681 silly placeDep node_modules/vercel @nodelib/fs.scandir@2.1.5 OK for: @nodelib/fs.walk@1.2.8 want: 2.1.5
1682 silly placeDep node_modules/vercel fastq@1.20.1 OK for: @nodelib/fs.walk@1.2.8 want: ^1.6.0
1683 silly fetch manifest run-parallel@^1.1.9
1684 silly packumentCache full:https://registry.npmjs.org/run-parallel cache-miss
1685 silly fetch manifest reusify@^1.0.4
1686 silly packumentCache full:https://registry.npmjs.org/reusify cache-miss
1687 http fetch GET 200 https://registry.npmjs.org/run-parallel 194ms (cache revalidated)
1688 silly packumentCache full:https://registry.npmjs.org/run-parallel set size:35172 disposed:false
1689 http fetch GET 200 https://registry.npmjs.org/reusify 196ms (cache revalidated)
1690 silly packumentCache full:https://registry.npmjs.org/reusify set size:14249 disposed:false
1691 silly placeDep node_modules/vercel run-parallel@1.2.0 OK for: @nodelib/fs.scandir@2.1.5 want: ^1.1.9
1692 silly fetch manifest queue-microtask@^1.2.2
1693 silly packumentCache full:https://registry.npmjs.org/queue-microtask cache-miss
1694 http fetch GET 200 https://registry.npmjs.org/queue-microtask 207ms (cache revalidated)
1695 silly packumentCache full:https://registry.npmjs.org/queue-microtask set size:36088 disposed:false
1696 silly placeDep node_modules/vercel reusify@1.1.0 OK for: fastq@1.20.1 want: ^1.0.4
1697 silly placeDep node_modules/vercel is-glob@4.0.3 OK for: glob-parent@5.1.2 want: ^4.0.1
1698 silly fetch manifest is-extglob@^2.1.1
1699 silly packumentCache full:https://registry.npmjs.org/is-extglob cache-miss
1700 http fetch GET 200 https://registry.npmjs.org/is-extglob 204ms (cache revalidated)
1701 silly packumentCache full:https://registry.npmjs.org/is-extglob set size:11766 disposed:false
1702 silly placeDep node_modules/vercel is-extglob@2.1.1 OK for: is-glob@4.0.3 want: ^2.1.1
1703 silly placeDep node_modules/vercel braces@3.0.3 OK for: micromatch@4.0.8 want: ^3.0.3
1704 silly placeDep node_modules/vercel/node_modules/micromatch picomatch@2.3.2 OK for: micromatch@4.0.8 want: ^2.3.1
1705 silly fetch manifest fill-range@^7.1.1
1706 silly packumentCache full:https://registry.npmjs.org/fill-range cache-miss
1707 http fetch GET 200 https://registry.npmjs.org/fill-range 192ms (cache revalidated)
1708 silly packumentCache full:https://registry.npmjs.org/fill-range set size:90162 disposed:false
1709 silly placeDep node_modules/vercel fill-range@7.1.1 OK for: braces@3.0.3 want: ^7.1.1
1710 silly fetch manifest to-regex-range@^5.0.1
1711 silly packumentCache full:https://registry.npmjs.org/to-regex-range cache-miss
1712 http fetch GET 200 https://registry.npmjs.org/to-regex-range 195ms (cache revalidated)
1713 silly packumentCache full:https://registry.npmjs.org/to-regex-range set size:61569 disposed:false
1714 silly placeDep node_modules/vercel to-regex-range@5.0.1 OK for: fill-range@7.1.1 want: ^5.0.1
1715 silly fetch manifest is-number@^7.0.0
1716 silly packumentCache full:https://registry.npmjs.org/is-number cache-miss
1717 http fetch GET 200 https://registry.npmjs.org/is-number 183ms (cache revalidated)
1718 silly packumentCache full:https://registry.npmjs.org/is-number set size:36183 disposed:false
1719 silly placeDep node_modules/vercel queue-microtask@1.2.3 OK for: run-parallel@1.2.0 want: ^1.2.2
1720 silly placeDep node_modules/vercel is-number@7.0.0 OK for: to-regex-range@5.0.1 want: ^7.0.0
1721 silly placeDep node_modules/vercel fsevents@2.3.3 OK for: tsx@4.21.0 want: ~2.3.3
1722 silly placeDep node_modules/vercel get-tsconfig@4.14.1 OK for: tsx@4.21.0 want: ^4.7.5
1723 silly fetch manifest resolve-pkg-maps@^1.0.0
1724 silly packumentCache full:https://registry.npmjs.org/resolve-pkg-maps cache-miss
1725 http fetch GET 200 https://registry.npmjs.org/resolve-pkg-maps 224ms (cache revalidated)
1726 silly packumentCache full:https://registry.npmjs.org/resolve-pkg-maps set size:11615 disposed:false
1727 silly placeDep node_modules/vercel resolve-pkg-maps@1.0.0 OK for: get-tsconfig@4.14.1 want: ^1.0.0
1728 silly placeDep node_modules/vercel @fastify/busboy@2.1.1 OK for: undici@5.29.0 want: ^2.0.0
1729 silly placeDep node_modules/vercel punycode@2.3.1 OK for: uri-js@4.4.1 want: ^2.1.0
1730 silly placeDep node_modules/vercel tr46@0.0.3 OK for: whatwg-url@5.0.0 want: ~0.0.3
1731 silly placeDep node_modules/vercel webidl-conversions@3.0.1 OK for: whatwg-url@5.0.0 want: ^3.0.0
1732 silly placeDep node_modules/vercel isexe@2.0.0 OK for: which@2.0.2 want: ^2.0.0
1733 silly placeDep node_modules/vercel os-paths@4.4.0 OK for: xdg-app-paths@5.5.1 want: ^4.0.1
1734 silly placeDep node_modules/vercel xdg-portable@7.3.0 OK for: xdg-app-paths@5.5.1 want: ^7.2.0
1735 silly placeDep node_modules/vercel yauzl@2.10.0 OK for: yauzl-promise@2.1.3 want: ^2.9.1
1736 silly placeDep node_modules/vercel yauzl-clone@1.0.4 OK for: yauzl-promise@2.1.3 want: ^1.0.4
1737 silly fetch manifest fd-slicer@~1.1.0
1738 silly packumentCache full:https://registry.npmjs.org/fd-slicer cache-miss
1739 silly fetch manifest buffer-crc32@~0.2.3
1740 silly packumentCache full:https://registry.npmjs.org/buffer-crc32 cache-miss
1741 silly fetch manifest events-intercept@^2.0.0
1742 silly packumentCache full:https://registry.npmjs.org/events-intercept cache-miss
1743 http fetch GET 200 https://registry.npmjs.org/fd-slicer 194ms (cache revalidated)
1744 silly packumentCache full:https://registry.npmjs.org/fd-slicer set size:25525 disposed:false
1745 http fetch GET 200 https://registry.npmjs.org/events-intercept 205ms (cache revalidated)
1746 silly packumentCache full:https://registry.npmjs.org/events-intercept set size:17802 disposed:false
1747 http fetch GET 200 https://registry.npmjs.org/buffer-crc32 215ms (cache revalidated)
1748 silly packumentCache full:https://registry.npmjs.org/buffer-crc32 set size:58100 disposed:false
1749 silly placeDep node_modules/vercel buffer-crc32@0.2.13 OK for: yauzl@2.10.0 want: ~0.2.3
1750 silly placeDep node_modules/vercel fd-slicer@1.1.0 OK for: yauzl@2.10.0 want: ~1.1.0
1751 silly fetch manifest pend@~1.2.0
1752 silly packumentCache full:https://registry.npmjs.org/pend cache-miss
1753 http fetch GET 200 https://registry.npmjs.org/pend 186ms (cache revalidated)
1754 silly packumentCache full:https://registry.npmjs.org/pend set size:8066 disposed:false
1755 silly placeDep node_modules/vercel pend@1.2.0 OK for: fd-slicer@1.1.0 want: ~1.2.0
1756 silly placeDep node_modules/vercel events-intercept@2.0.0 OK for: yauzl-clone@1.0.4 want: ^2.0.0
1757 silly placeDep node_modules/vercel brace-expansion@1.1.18 OK for: minimatch@3.1.5 want: ^1.1.7
1758 silly fetch manifest concat-map@0.0.1
1759 silly packumentCache full:https://registry.npmjs.org/concat-map cache-miss
1760 silly fetch manifest balanced-match@^1.0.0
1761 silly packumentCache full:https://registry.npmjs.org/balanced-match cache-miss
1762 http fetch GET 200 https://registry.npmjs.org/concat-map 200ms (cache revalidated)
1763 silly packumentCache full:https://registry.npmjs.org/concat-map set size:9290 disposed:false
1764 http fetch GET 200 https://registry.npmjs.org/balanced-match 204ms (cache revalidated)
1765 silly packumentCache full:https://registry.npmjs.org/balanced-match set size:39082 disposed:false
1766 silly placeDep node_modules/vercel balanced-match@1.0.2 OK for: brace-expansion@1.1.18 want: ^1.0.0
1767 silly placeDep node_modules/vercel concat-map@0.0.1 OK for: brace-expansion@1.1.18 want: 0.0.1
1768 silly placeDep node_modules/vercel/node_modules/@vercel/rust get-stream@6.0.1 OK for: execa@5.1.1 want: ^6.0.0
1769 silly placeDep node_modules/vercel/node_modules/@vercel/rust human-signals@2.1.0 OK for: execa@5.1.1 want: ^2.1.0
1770 silly placeDep node_modules/vercel/node_modules/@vercel/rust signal-exit@3.0.7 OK for: execa@5.1.1 want: ^3.0.3
1771 silly placeDep node_modules/vercel/node_modules/glob brace-expansion@5.0.9 OK for: minimatch@10.2.6 want: ^5.0.8
1772 silly fetch manifest balanced-match@^4.0.2
1773 silly packumentCache full:https://registry.npmjs.org/balanced-match cache-hit
1774 silly placeDep node_modules/vercel/node_modules/glob balanced-match@4.0.4 OK for: brace-expansion@5.0.9 want: ^4.0.2
1775 silly placeDep node_modules/vercel/node_modules/sandbox ms@2.1.3 OK for: debug@4.4.3 want: ^2.1.3
1776 silly placeDep node_modules/vercel/node_modules/semver yallist@4.0.0 OK for: lru-cache@6.0.0 want: ^4.0.0
1777 silly placeDep node_modules/vercel/node_modules/stream-to-promise once@1.3.3 OK for: end-of-stream@1.1.0 want: ~1.3.0
1778 warn EBADENGINE Unsupported engine {
1778 warn EBADENGINE   package: '@renovatebot/pep440@4.2.1',
1778 warn EBADENGINE   required: { node: '^20.9.0 || ^22.11.0 || ^24', pnpm: '^10.0.0' },
1778 warn EBADENGINE   current: { node: 'v26.4.0', npm: '11.18.0' }
1778 warn EBADENGINE }
1779 silly reify moves {}
1780 http cache concat-map@https://registry.npmjs.org/concat-map/-/concat-map-0.0.1.tgz 0ms (cache hit)
1781 http cache balanced-match@https://registry.npmjs.org/balanced-match/-/balanced-match-1.0.2.tgz 0ms (cache hit)
1782 http cache brace-expansion@https://registry.npmjs.org/brace-expansion/-/brace-expansion-1.1.18.tgz 0ms (cache hit)
1783 http cache events-intercept@https://registry.npmjs.org/events-intercept/-/events-intercept-2.0.0.tgz 0ms (cache hit)
1784 http cache pend@https://registry.npmjs.org/pend/-/pend-1.2.0.tgz 1ms (cache hit)
1785 http cache fd-slicer@https://registry.npmjs.org/fd-slicer/-/fd-slicer-1.1.0.tgz 1ms (cache hit)
1786 http cache buffer-crc32@https://registry.npmjs.org/buffer-crc32/-/buffer-crc32-0.2.13.tgz 0ms (cache hit)
1787 http cache yauzl-clone@https://registry.npmjs.org/yauzl-clone/-/yauzl-clone-1.0.4.tgz 1ms (cache hit)
1788 http cache yauzl@https://registry.npmjs.org/yauzl/-/yauzl-2.10.0.tgz 2ms (cache hit)
1789 http cache xdg-portable@https://registry.npmjs.org/xdg-portable/-/xdg-portable-7.3.0.tgz 0ms (cache hit)
1790 http cache os-paths@https://registry.npmjs.org/os-paths/-/os-paths-4.4.0.tgz 0ms (cache hit)
1791 http cache isexe@https://registry.npmjs.org/isexe/-/isexe-2.0.0.tgz 0ms (cache hit)
1792 http cache webidl-conversions@https://registry.npmjs.org/webidl-conversions/-/webidl-conversions-3.0.1.tgz 0ms (cache hit)
1793 http cache tr46@https://registry.npmjs.org/tr46/-/tr46-0.0.3.tgz 0ms (cache hit)
1794 http cache punycode@https://registry.npmjs.org/punycode/-/punycode-2.3.1.tgz 0ms (cache hit)
1795 http cache resolve-pkg-maps@https://registry.npmjs.org/resolve-pkg-maps/-/resolve-pkg-maps-1.0.0.tgz 0ms (cache hit)
1796 http cache @fastify/busboy@https://registry.npmjs.org/@fastify/busboy/-/busboy-2.1.1.tgz 0ms (cache hit)
1797 http cache get-tsconfig@https://registry.npmjs.org/get-tsconfig/-/get-tsconfig-4.14.1.tgz 0ms (cache hit)
1798 http cache is-number@https://registry.npmjs.org/is-number/-/is-number-7.0.0.tgz 0ms (cache hit)
1799 http cache queue-microtask@https://registry.npmjs.org/queue-microtask/-/queue-microtask-1.2.3.tgz 0ms (cache hit)
1800 http cache to-regex-range@https://registry.npmjs.org/to-regex-range/-/to-regex-range-5.0.1.tgz 0ms (cache hit)
1801 http cache braces@https://registry.npmjs.org/braces/-/braces-3.0.3.tgz 0ms (cache hit)
1802 http cache is-extglob@https://registry.npmjs.org/is-extglob/-/is-extglob-2.1.1.tgz 0ms (cache hit)
1803 http cache is-glob@https://registry.npmjs.org/is-glob/-/is-glob-4.0.3.tgz 1ms (cache hit)
1804 http cache fill-range@https://registry.npmjs.org/fill-range/-/fill-range-7.1.1.tgz 0ms (cache hit)
1805 http cache reusify@https://registry.npmjs.org/reusify/-/reusify-1.1.0.tgz 0ms (cache hit)
1806 http cache fastq@https://registry.npmjs.org/fastq/-/fastq-1.20.1.tgz 0ms (cache hit)
1807 http cache @nodelib/fs.scandir@https://registry.npmjs.org/@nodelib/fs.scandir/-/fs.scandir-2.1.5.tgz 0ms (cache hit)
1808 http cache run-parallel@https://registry.npmjs.org/run-parallel/-/run-parallel-1.2.0.tgz 0ms (cache hit)
1809 http cache micromatch@https://registry.npmjs.org/micromatch/-/micromatch-4.0.8.tgz 0ms (cache hit)
1810 http cache picomatch@https://registry.npmjs.org/picomatch/-/picomatch-2.3.2.tgz 0ms (cache hit)
1811 http cache merge2@https://registry.npmjs.org/merge2/-/merge2-1.4.1.tgz 0ms (cache hit)
1812 http cache glob-parent@https://registry.npmjs.org/glob-parent/-/glob-parent-5.1.2.tgz 0ms (cache hit)
1813 http cache @nodelib/fs.walk@https://registry.npmjs.org/@nodelib/fs.walk/-/fs.walk-1.2.8.tgz 0ms (cache hit)
1814 http cache @nodelib/fs.stat@https://registry.npmjs.org/@nodelib/fs.stat/-/fs.stat-2.0.5.tgz 0ms (cache hit)
1815 http cache path-browserify@https://registry.npmjs.org/path-browserify/-/path-browserify-1.0.1.tgz 0ms (cache hit)
1816 http cache mkdirp@https://registry.npmjs.org/mkdirp/-/mkdirp-1.0.4.tgz 0ms (cache hit)
1817 http cache fast-glob@https://registry.npmjs.org/fast-glob/-/fast-glob-3.3.3.tgz 0ms (cache hit)
1818 http cache code-block-writer@https://registry.npmjs.org/code-block-writer/-/code-block-writer-10.1.1.tgz 0ms (cache hit)
1819 http cache @ts-morph/common@https://registry.npmjs.org/@ts-morph/common/-/common-0.11.1.tgz 0ms (cache hit)
1820 http cache minimatch@https://registry.npmjs.org/minimatch/-/minimatch-3.1.5.tgz 0ms (cache hit)
1821 http cache bare-events@https://registry.npmjs.org/bare-events/-/bare-events-2.9.1.tgz 1ms (cache hit)
1822 http cache convert-hrtime@https://registry.npmjs.org/convert-hrtime/-/convert-hrtime-3.0.0.tgz 0ms (cache hit)
1823 http cache text-decoder@https://registry.npmjs.org/text-decoder/-/text-decoder-1.2.7.tgz 0ms (cache hit)
1824 http cache events-universal@https://registry.npmjs.org/events-universal/-/events-universal-1.0.1.tgz 0ms (cache hit)
1825 http cache streamx@https://registry.npmjs.org/streamx/-/streamx-2.28.0.tgz 0ms (cache hit)
1826 http cache fast-fifo@https://registry.npmjs.org/fast-fifo/-/fast-fifo-1.3.2.tgz 0ms (cache hit)
1827 http cache b4a@https://registry.npmjs.org/b4a/-/b4a-1.8.1.tgz 0ms (cache hit)
1828 http cache yallist@https://registry.npmjs.org/yallist/-/yallist-5.0.0.tgz 0ms (cache hit)
1829 http cache minizlib@https://registry.npmjs.org/minizlib/-/minizlib-3.1.0.tgz 0ms (cache hit)
1830 http cache chownr@https://registry.npmjs.org/chownr/-/chownr-3.0.0.tgz 0ms (cache hit)
1831 http cache @isaacs/fs-minipass@https://registry.npmjs.org/@isaacs/fs-minipass/-/fs-minipass-4.0.1.tgz 1ms (cache hit)
1832 http cache stream-to-array@https://registry.npmjs.org/stream-to-array/-/stream-to-array-2.3.0.tgz 1ms (cache hit)
1833 http cache any-promise@https://registry.npmjs.org/any-promise/-/any-promise-1.3.0.tgz 1ms (cache hit)
1834 http cache shebang-regex@https://registry.npmjs.org/shebang-regex/-/shebang-regex-3.0.0.tgz 1ms (cache hit)
1835 http cache tar-stream@https://registry.npmjs.org/tar-stream/-/tar-stream-3.1.7.tgz 0ms (cache hit)
1836 http cache @workflow/serde@https://registry.npmjs.org/@workflow/serde/-/serde-4.1.0-beta.2.tgz 1ms (cache hit)
1837 http cache @vercel/oidc@https://registry.npmjs.org/@vercel/oidc/-/oidc-3.2.0.tgz 0ms (cache hit)
1838 http cache jsonlines@https://registry.npmjs.org/jsonlines/-/jsonlines-0.1.1.tgz 0ms (cache hit)
1839 http cache ws@https://registry.npmjs.org/ws/-/ws-8.21.1.tgz 0ms (cache hit)
1840 http cache @vercel/sandbox@https://registry.npmjs.org/@vercel/sandbox/-/sandbox-2.4.0.tgz 0ms (cache hit)
1841 http cache xdg-app-paths@https://registry.npmjs.org/xdg-app-paths/-/xdg-app-paths-5.1.0.tgz 0ms (cache hit)
1842 http cache undici@https://registry.npmjs.org/undici/-/undici-7.29.0.tgz 0ms (cache hit)
1843 http cache picocolors@https://registry.npmjs.org/picocolors/-/picocolors-1.1.1.tgz 0ms (cache hit)
1844 http cache ms@https://registry.npmjs.org/ms/-/ms-2.1.3.tgz 0ms (cache hit)
1845 http cache jose@https://registry.npmjs.org/jose/-/jose-6.2.3.tgz 0ms (cache hit)
1846 http cache @rolldown/pluginutils@https://registry.npmjs.org/@rolldown/pluginutils/-/pluginutils-1.0.0-rc.1.tgz 0ms (cache hit)
1847 http cache @rolldown/binding-android-arm64@https://registry.npmjs.org/@rolldown/binding-android-arm64/-/binding-android-arm64-1.0.0-rc.1.tgz 0ms (cache hit)
1848 http cache @oxc-project/types@https://registry.npmjs.org/@oxc-project/types/-/types-0.110.0.tgz 0ms (cache hit)
1849 http cache safer-buffer@https://registry.npmjs.org/safer-buffer/-/safer-buffer-2.1.2.tgz 0ms (cache hit)
1850 http cache toidentifier@https://registry.npmjs.org/toidentifier/-/toidentifier-1.0.0.tgz 0ms (cache hit)
1851 http cache statuses@https://registry.npmjs.org/statuses/-/statuses-1.5.0.tgz 0ms (cache hit)
1852 http cache setprototypeof@https://registry.npmjs.org/setprototypeof/-/setprototypeof-1.1.1.tgz 0ms (cache hit)
1853 http cache inherits@https://registry.npmjs.org/inherits/-/inherits-2.0.4.tgz 0ms (cache hit)
1854 http cache depd@https://registry.npmjs.org/depd/-/depd-1.1.2.tgz 0ms (cache hit)
1855 http cache unpipe@https://registry.npmjs.org/unpipe/-/unpipe-1.0.0.tgz 0ms (cache hit)
1856 http cache iconv-lite@https://registry.npmjs.org/iconv-lite/-/iconv-lite-0.4.24.tgz 0ms (cache hit)
1857 http cache http-errors@https://registry.npmjs.org/http-errors/-/http-errors-1.7.3.tgz 0ms (cache hit)
1858 http cache bytes@https://registry.npmjs.org/bytes/-/bytes-3.1.0.tgz 0ms (cache hit)
1859 http cache wrappy@https://registry.npmjs.org/wrappy/-/wrappy-1.0.2.tgz 0ms (cache hit)
1860 http cache once@https://registry.npmjs.org/once/-/once-1.4.0.tgz 0ms (cache hit)
1861 http cache end-of-stream@https://registry.npmjs.org/end-of-stream/-/end-of-stream-1.4.5.tgz 0ms (cache hit)
1862 http cache parse-ms@https://registry.npmjs.org/parse-ms/-/parse-ms-2.1.0.tgz 0ms (cache hit)
1863 http cache lru-cache@https://registry.npmjs.org/lru-cache/-/lru-cache-11.5.2.tgz 0ms (cache hit)
1864 http cache @oxc-transform/binding-android-arm64@https://registry.npmjs.org/@oxc-transform/binding-android-arm64/-/binding-android-arm64-0.111.0.tgz 0ms (cache hit)
1865 http cache is-wsl@https://registry.npmjs.org/is-wsl/-/is-wsl-2.2.0.tgz 0ms (cache hit)
1866 http cache is-docker@https://registry.npmjs.org/is-docker/-/is-docker-2.2.1.tgz 0ms (cache hit)
1867 http cache define-lazy-prop@https://registry.npmjs.org/define-lazy-prop/-/define-lazy-prop-2.0.0.tgz 0ms (cache hit)
1868 http cache mimic-fn@https://registry.npmjs.org/mimic-fn/-/mimic-fn-2.1.0.tgz 0ms (cache hit)
1869 http cache abbrev@https://registry.npmjs.org/abbrev/-/abbrev-3.0.1.tgz 0ms (cache hit)
1870 http cache whatwg-url@https://registry.npmjs.org/whatwg-url/-/whatwg-url-5.0.0.tgz 0ms (cache hit)
1871 http cache @isaacs/balanced-match@https://registry.npmjs.org/@isaacs/balanced-match/-/balanced-match-4.0.1.tgz 0ms (cache hit)
1872 http cache @isaacs/brace-expansion@https://registry.npmjs.org/@isaacs/brace-expansion/-/brace-expansion-5.0.1.tgz 0ms (cache hit)
1873 http cache vercel@https://registry.npmjs.org/vercel/-/vercel-58.4.4.tgz 0ms (cache hit)
1874 http cache mime-db@https://registry.npmjs.org/mime-db/-/mime-db-1.52.0.tgz 0ms (cache hit)
1875 http cache raw-body@https://registry.npmjs.org/raw-body/-/raw-body-2.4.1.tgz 0ms (cache hit)
1876 http cache content-type@https://registry.npmjs.org/content-type/-/content-type-1.0.4.tgz 0ms (cache hit)
1877 http cache arg@https://registry.npmjs.org/arg/-/arg-4.1.0.tgz 0ms (cache hit)
1878 http cache ts-toolbelt@https://registry.npmjs.org/ts-toolbelt/-/ts-toolbelt-6.15.5.tgz 0ms (cache hit)
1879 http cache @types/json-schema@https://registry.npmjs.org/@types/json-schema/-/json-schema-7.0.15.tgz 0ms (cache hit)
1880 http cache argparse@https://registry.npmjs.org/argparse/-/argparse-2.0.1.tgz 0ms (cache hit)
1881 http cache agent-base@https://registry.npmjs.org/agent-base/-/agent-base-7.1.4.tgz 0ms (cache hit)
1882 http cache minipass@https://registry.npmjs.org/minipass/-/minipass-7.1.3.tgz 0ms (cache hit)
1883 http cache pump@https://registry.npmjs.org/pump/-/pump-3.0.4.tgz 0ms (cache hit)
1884 http cache universalify@https://registry.npmjs.org/universalify/-/universalify-2.0.1.tgz 0ms (cache hit)
1885 http cache jsonfile@https://registry.npmjs.org/jsonfile/-/jsonfile-6.2.1.tgz 0ms (cache hit)
1886 http cache which@https://registry.npmjs.org/which/-/which-2.0.2.tgz 0ms (cache hit)
1887 http cache shebang-command@https://registry.npmjs.org/shebang-command/-/shebang-command-2.0.0.tgz 0ms (cache hit)
1888 http cache path-key@https://registry.npmjs.org/path-key/-/path-key-3.1.1.tgz 0ms (cache hit)
1889 http cache strip-final-newline@https://registry.npmjs.org/strip-final-newline/-/strip-final-newline-2.0.0.tgz 0ms (cache hit)
1890 http cache p-finally@https://registry.npmjs.org/p-finally/-/p-finally-2.0.1.tgz 0ms (cache hit)
1891 http cache onetime@https://registry.npmjs.org/onetime/-/onetime-5.1.2.tgz 0ms (cache hit)
1892 http cache npm-run-path@https://registry.npmjs.org/npm-run-path/-/npm-run-path-4.0.1.tgz 0ms (cache hit)
1893 http cache path-scurry@https://registry.npmjs.org/path-scurry/-/path-scurry-2.0.2.tgz 1ms (cache hit)
1894 http cache merge-stream@https://registry.npmjs.org/merge-stream/-/merge-stream-2.0.0.tgz 0ms (cache hit)
1895 http cache is-stream@https://registry.npmjs.org/is-stream/-/is-stream-2.0.1.tgz 0ms (cache hit)
1896 http cache get-stream@https://registry.npmjs.org/get-stream/-/get-stream-5.2.0.tgz 0ms (cache hit)
1897 http cache human-signals@https://registry.npmjs.org/human-signals/-/human-signals-1.1.1.tgz 0ms (cache hit)
1898 http cache cross-spawn@https://registry.npmjs.org/cross-spawn/-/cross-spawn-7.0.6.tgz 0ms (cache hit)
1899 http cache @esbuild/android-arm64@https://registry.npmjs.org/@esbuild/android-arm64/-/android-arm64-0.27.0.tgz 0ms (cache hit)
1900 http cache time-span@https://registry.npmjs.org/time-span/-/time-span-4.0.0.tgz 0ms (cache hit)
1901 http cache signal-exit@https://registry.npmjs.org/signal-exit/-/signal-exit-4.0.2.tgz 0ms (cache hit)
1902 http cache pretty-ms@https://registry.npmjs.org/pretty-ms/-/pretty-ms-7.0.1.tgz 0ms (cache hit)
1903 http cache picocolors@https://registry.npmjs.org/picocolors/-/picocolors-1.0.0.tgz 0ms (cache hit)
1904 http cache mri@https://registry.npmjs.org/mri/-/mri-1.2.0.tgz 0ms (cache hit)
1905 http cache @edge-runtime/ponyfill@https://registry.npmjs.org/@edge-runtime/ponyfill/-/ponyfill-2.4.2.tgz 0ms (cache hit)
1906 http cache @edge-runtime/format@https://registry.npmjs.org/@edge-runtime/format/-/format-2.2.1.tgz 0ms (cache hit)
1907 http cache readdirp@https://registry.npmjs.org/readdirp/-/readdirp-4.1.2.tgz 0ms (cache hit)
1908 http cache file-uri-to-path@https://registry.npmjs.org/file-uri-to-path/-/file-uri-to-path-1.0.0.tgz 0ms (cache hit)
1909 http cache retry@https://registry.npmjs.org/retry/-/retry-0.13.1.tgz 0ms (cache hit)
1910 http cache uri-js@https://registry.npmjs.org/uri-js/-/uri-js-4.4.1.tgz 0ms (cache hit)
1911 http cache require-from-string@https://registry.npmjs.org/require-from-string/-/require-from-string-2.0.2.tgz 0ms (cache hit)
1912 http cache json-schema-traverse@https://registry.npmjs.org/json-schema-traverse/-/json-schema-traverse-1.0.0.tgz 1ms (cache hit)
1913 http cache fast-deep-equal@https://registry.npmjs.org/fast-deep-equal/-/fast-deep-equal-3.1.3.tgz 0ms (cache hit)
1914 http cache json-schema-to-ts@https://registry.npmjs.org/json-schema-to-ts/-/json-schema-to-ts-1.6.4.tgz 0ms (cache hit)
1915 http cache ajv@https://registry.npmjs.org/ajv/-/ajv-8.6.3.tgz 0ms (cache hit)
1916 http cache @sinclair/typebox@https://registry.npmjs.org/@sinclair/typebox/-/typebox-0.25.24.tgz 0ms (cache hit)
1917 http cache web-vitals@https://registry.npmjs.org/web-vitals/-/web-vitals-0.2.4.tgz 0ms (cache hit)
1918 http cache @vercel/gatsby-plugin-vercel-analytics@https://registry.npmjs.org/@vercel/gatsby-plugin-vercel-analytics/-/gatsby-plugin-vercel-analytics-1.0.11.tgz 0ms (cache hit)
1919 http cache @vercel/gatsby-plugin-vercel-builder@https://registry.npmjs.org/@vercel/gatsby-plugin-vercel-builder/-/gatsby-plugin-vercel-builder-2.2.33.tgz 0ms (cache hit)
1920 http cache minimatch@https://registry.npmjs.org/minimatch/-/minimatch-10.1.1.tgz 0ms (cache hit)
1921 http cache js-yaml@https://registry.npmjs.org/js-yaml/-/js-yaml-4.1.1.tgz 0ms (cache hit)
1922 http cache @renovatebot/pep440@https://registry.npmjs.org/@renovatebot/pep440/-/pep440-4.2.1.tgz 0ms (cache hit)
1923 http cache @bytecodealliance/preview2-shim@https://registry.npmjs.org/@bytecodealliance/preview2-shim/-/preview2-shim-0.17.6.tgz 0ms (cache hit)
1924 http cache undici-types@https://registry.npmjs.org/undici-types/-/undici-types-5.26.5.tgz 0ms (cache hit)
1925 http cache typescript@https://registry.npmjs.org/typescript/-/typescript-5.9.3.tgz 1ms (cache hit)
1926 http cache path-to-regexp-updated@https://registry.npmjs.org/path-to-regexp/-/path-to-regexp-6.3.0.tgz 0ms (cache hit)
1927 http cache mime-types@https://registry.npmjs.org/mime-types/-/mime-types-2.1.35.tgz 0ms (cache hit)
1928 http cache etag@https://registry.npmjs.org/etag/-/etag-1.8.1.tgz 0ms (cache hit)
1929 http cache edge-runtime@https://registry.npmjs.org/edge-runtime/-/edge-runtime-2.5.9.tgz 0ms (cache hit)
1930 http cache async-listen@https://registry.npmjs.org/async-listen/-/async-listen-3.0.1.tgz 0ms (cache hit)
1931 http cache @vercel/error-utils@https://registry.npmjs.org/@vercel/error-utils/-/error-utils-2.2.0.tgz 0ms (cache hit)
1932 http cache @types/node@https://registry.npmjs.org/@types/node/-/node-20.11.0.tgz 0ms (cache hit)
1933 http cache @edge-runtime/vm@https://registry.npmjs.org/@edge-runtime/vm/-/vm-3.2.0.tgz 0ms (cache hit)
1934 http cache @edge-runtime/primitives@https://registry.npmjs.org/@edge-runtime/primitives/-/primitives-4.1.0.tgz 0ms (cache hit)
1935 http cache @edge-runtime/node-utils@https://registry.npmjs.org/@edge-runtime/node-utils/-/node-utils-2.3.0.tgz 0ms (cache hit)
1936 http cache @types/estree@https://registry.npmjs.org/@types/estree/-/estree-1.0.9.tgz 0ms (cache hit)
1937 http cache nopt@https://registry.npmjs.org/nopt/-/nopt-8.1.0.tgz 0ms (cache hit)
1938 http cache https-proxy-agent@https://registry.npmjs.org/https-proxy-agent/-/https-proxy-agent-7.0.6.tgz 0ms (cache hit)
1939 http cache detect-libc@https://registry.npmjs.org/detect-libc/-/detect-libc-2.1.2.tgz 0ms (cache hit)
1940 http cache consola@https://registry.npmjs.org/consola/-/consola-3.4.2.tgz 0ms (cache hit)
1941 http cache resolve-from@https://registry.npmjs.org/resolve-from/-/resolve-from-5.0.0.tgz 0ms (cache hit)
1942 http cache picomatch@https://registry.npmjs.org/picomatch/-/picomatch-4.0.5.tgz 0ms (cache hit)
1943 http cache node-gyp-build@https://registry.npmjs.org/node-gyp-build/-/node-gyp-build-4.8.4.tgz 0ms (cache hit)
1944 http cache graceful-fs@https://registry.npmjs.org/graceful-fs/-/graceful-fs-4.2.11.tgz 0ms (cache hit)
1945 http cache glob@https://registry.npmjs.org/glob/-/glob-13.0.6.tgz 0ms (cache hit)
1946 http cache brace-expansion@https://registry.npmjs.org/brace-expansion/-/brace-expansion-5.0.9.tgz 0ms (cache hit)
1947 http cache balanced-match@https://registry.npmjs.org/balanced-match/-/balanced-match-4.0.4.tgz 0ms (cache hit)
1948 http cache estree-walker@https://registry.npmjs.org/estree-walker/-/estree-walker-2.0.2.tgz 0ms (cache hit)
1949 http cache minimatch@https://registry.npmjs.org/minimatch/-/minimatch-10.2.6.tgz 0ms (cache hit)
1950 http cache bindings@https://registry.npmjs.org/bindings/-/bindings-1.5.0.tgz 0ms (cache hit)
1951 http cache async-sema@https://registry.npmjs.org/async-sema/-/async-sema-3.1.1.tgz 0ms (cache hit)
1952 http cache acorn-import-attributes@https://registry.npmjs.org/acorn-import-attributes/-/acorn-import-attributes-1.9.5.tgz 0ms (cache hit)
1953 http cache acorn@https://registry.npmjs.org/acorn/-/acorn-8.18.0.tgz 0ms (cache hit)
1954 http cache @rollup/pluginutils@https://registry.npmjs.org/@rollup/pluginutils/-/pluginutils-5.4.0.tgz 0ms (cache hit)
1955 http cache @mapbox/node-pre-gyp@https://registry.npmjs.org/@mapbox/node-pre-gyp/-/node-pre-gyp-2.0.3.tgz 1ms (cache hit)
1956 http cache yauzl-promise@https://registry.npmjs.org/yauzl-promise/-/yauzl-promise-2.1.3.tgz 0ms (cache hit)
1957 http cache uid-promise@https://registry.npmjs.org/uid-promise/-/uid-promise-1.0.0.tgz 0ms (cache hit)
1958 http cache tree-kill@https://registry.npmjs.org/tree-kill/-/tree-kill-1.2.2.tgz 0ms (cache hit)
1959 http cache tinyexec@https://registry.npmjs.org/tinyexec/-/tinyexec-0.3.2.tgz 0ms (cache hit)
1960 http cache tar@https://registry.npmjs.org/tar/-/tar-7.5.7.tgz 0ms (cache hit)
1961 http cache stream-to-promise@https://registry.npmjs.org/stream-to-promise/-/stream-to-promise-2.2.0.tgz 0ms (cache hit)
1962 http cache stat-mode@https://registry.npmjs.org/stat-mode/-/stat-mode-0.3.0.tgz 0ms (cache hit)
1963 http cache once@https://registry.npmjs.org/once/-/once-1.3.3.tgz 0ms (cache hit)
1964 http cache semver@https://registry.npmjs.org/semver/-/semver-7.5.4.tgz 0ms (cache hit)
1965 http cache end-of-stream@https://registry.npmjs.org/end-of-stream/-/end-of-stream-1.1.0.tgz 0ms (cache hit)
1966 http cache yallist@https://registry.npmjs.org/yallist/-/yallist-4.0.0.tgz 0ms (cache hit)
1967 http cache lru-cache@https://registry.npmjs.org/lru-cache/-/lru-cache-6.0.0.tgz 0ms (cache hit)
1968 http cache promisepipe@https://registry.npmjs.org/promisepipe/-/promisepipe-3.0.0.tgz 0ms (cache hit)
1969 http cache node-fetch@https://registry.npmjs.org/node-fetch/-/node-fetch-2.6.7.tgz 0ms (cache hit)
1970 http cache ms@https://registry.npmjs.org/ms/-/ms-2.1.1.tgz 0ms (cache hit)
1971 http cache micro@https://registry.npmjs.org/micro/-/micro-9.3.5-canary.3.tgz 0ms (cache hit)
1972 http cache generic-pool@https://registry.npmjs.org/generic-pool/-/generic-pool-3.4.2.tgz 0ms (cache hit)
1973 http cache debug@https://registry.npmjs.org/debug/-/debug-4.3.4.tgz 0ms (cache hit)
1974 http cache ms@https://registry.npmjs.org/ms/-/ms-2.1.2.tgz 0ms (cache hit)
1975 http cache @tootallnate/once@https://registry.npmjs.org/@tootallnate/once/-/once-2.0.0.tgz 0ms (cache hit)
1976 http cache @vercel/cervel@https://registry.npmjs.org/@vercel/cervel/-/cervel-0.1.38.tgz 0ms (cache hit)
1977 http cache xdg-app-paths@https://registry.npmjs.org/xdg-app-paths/-/xdg-app-paths-5.5.1.tgz 0ms (cache hit)
1978 http cache open@https://registry.npmjs.org/open/-/open-8.4.0.tgz 0ms (cache hit)
1979 http cache async-listen@https://registry.npmjs.org/async-listen/-/async-listen-3.0.0.tgz 0ms (cache hit)
1980 http cache @napi-rs/keyring@https://registry.npmjs.org/@napi-rs/keyring/-/keyring-1.2.0.tgz 0ms (cache hit)
1981 http cache es-module-lexer@https://registry.npmjs.org/es-module-lexer/-/es-module-lexer-1.5.0.tgz 0ms (cache hit)
1982 http cache cjs-module-lexer@https://registry.npmjs.org/cjs-module-lexer/-/cjs-module-lexer-1.2.3.tgz 0ms (cache hit)
1983 http cache @vercel/python-analysis@https://registry.npmjs.org/@vercel/python-analysis/-/python-analysis-0.12.0.tgz 0ms (cache hit)
1984 http cache zod@https://registry.npmjs.org/zod/-/zod-3.22.4.tgz 0ms (cache hit)
1985 http cache fs-extra@https://registry.npmjs.org/fs-extra/-/fs-extra-11.1.1.tgz 0ms (cache hit)
1986 http cache throttleit@https://registry.npmjs.org/throttleit/-/throttleit-2.1.0.tgz 0ms (cache hit)
1987 http cache is-node-process@https://registry.npmjs.org/is-node-process/-/is-node-process-1.2.0.tgz 0ms (cache hit)
1988 http cache is-buffer@https://registry.npmjs.org/is-buffer/-/is-buffer-2.0.5.tgz 0ms (cache hit)
1989 http cache async-retry@https://registry.npmjs.org/async-retry/-/async-retry-1.3.3.tgz 0ms (cache hit)
1990 http cache tsx@https://registry.npmjs.org/tsx/-/tsx-4.21.0.tgz 0ms (cache hit)
1991 http cache ts-morph@https://registry.npmjs.org/ts-morph/-/ts-morph-12.0.0.tgz 0ms (cache hit)
1992 http cache srvx@https://registry.npmjs.org/srvx/-/srvx-0.11.16.tgz 0ms (cache hit)
1993 http cache rolldown@https://registry.npmjs.org/rolldown/-/rolldown-1.0.0-rc.1.tgz 0ms (cache hit)
1994 http cache resolve.exports@https://registry.npmjs.org/resolve.exports/-/resolve.exports-2.0.3.tgz 0ms (cache hit)
1995 http cache path-to-regexp@https://registry.npmjs.org/path-to-regexp/-/path-to-regexp-8.3.0.tgz 0ms (cache hit)
1996 http cache oxc-transform@https://registry.npmjs.org/oxc-transform/-/oxc-transform-0.111.0.tgz 0ms (cache hit)
1997 http cache get-port@https://registry.npmjs.org/get-port/-/get-port-5.1.1.tgz 0ms (cache hit)
1998 http cache fs-extra@https://registry.npmjs.org/fs-extra/-/fs-extra-11.1.0.tgz 0ms (cache hit)
1999 http cache execa@https://registry.npmjs.org/execa/-/execa-3.2.0.tgz 0ms (cache hit)
2000 http cache signal-exit@https://registry.npmjs.org/signal-exit/-/signal-exit-3.0.7.tgz 0ms (cache hit)
2001 http cache @vercel/static-config@https://registry.npmjs.org/@vercel/static-config/-/static-config-3.4.0.tgz 1ms (cache hit)
2002 http cache @vercel/nft@https://registry.npmjs.org/@vercel/nft/-/nft-1.10.0.tgz 0ms (cache hit)
2003 http cache zod@https://registry.npmjs.org/zod/-/zod-4.1.11.tgz 1ms (cache hit)
2004 http cache undici@https://registry.npmjs.org/undici/-/undici-5.29.0.tgz 1ms (cache hit)
2005 http cache smol-toml@https://registry.npmjs.org/smol-toml/-/smol-toml-1.5.2.tgz 0ms (cache hit)
2006 http cache sandbox@https://registry.npmjs.org/sandbox/-/sandbox-3.4.0.tgz 0ms (cache hit)
2007 http cache ms@https://registry.npmjs.org/ms/-/ms-2.1.3.tgz 0ms (cache hit)
2008 http cache debug@https://registry.npmjs.org/debug/-/debug-4.4.3.tgz 1ms (cache hit)
2009 http cache luxon@https://registry.npmjs.org/luxon/-/luxon-3.7.2.tgz 0ms (cache hit)
2010 http cache jsonc-parser@https://registry.npmjs.org/jsonc-parser/-/jsonc-parser-3.3.1.tgz 0ms (cache hit)
2011 http cache jose@https://registry.npmjs.org/jose/-/jose-5.9.6.tgz 0ms (cache hit)
2012 http cache esbuild@https://registry.npmjs.org/esbuild/-/esbuild-0.27.0.tgz 0ms (cache hit)
2013 http cache chokidar@https://registry.npmjs.org/chokidar/-/chokidar-4.0.0.tgz 0ms (cache hit)
2014 http cache @vercel/static-build@https://registry.npmjs.org/@vercel/static-build/-/static-build-2.11.13.tgz 0ms (cache hit)
2015 http cache @vercel/rust@https://registry.npmjs.org/@vercel/rust/-/rust-1.4.0.tgz 0ms (cache hit)
2016 http cache signal-exit@https://registry.npmjs.org/signal-exit/-/signal-exit-3.0.7.tgz 0ms (cache hit)
2017 http cache human-signals@https://registry.npmjs.org/human-signals/-/human-signals-2.1.0.tgz 0ms (cache hit)
2018 http cache get-stream@https://registry.npmjs.org/get-stream/-/get-stream-6.0.1.tgz 0ms (cache hit)
2019 http cache execa@https://registry.npmjs.org/execa/-/execa-5.1.1.tgz 0ms (cache hit)
2020 http cache @vercel/ruby@https://registry.npmjs.org/@vercel/ruby/-/ruby-2.5.1.tgz 0ms (cache hit)
2021 http cache @vercel/remix-builder@https://registry.npmjs.org/@vercel/remix-builder/-/remix-builder-5.9.1.tgz 0ms (cache hit)
2022 http cache @vercel/redwood@https://registry.npmjs.org/@vercel/redwood/-/redwood-2.5.0.tgz 0ms (cache hit)
2023 http cache path-to-regexp@https://registry.npmjs.org/path-to-regexp/-/path-to-regexp-6.1.0.tgz 0ms (cache hit)
2024 http cache @vercel/python@https://registry.npmjs.org/@vercel/python/-/python-6.54.1.tgz 0ms (cache hit)
2025 http cache semver@https://registry.npmjs.org/semver/-/semver-6.3.1.tgz 0ms (cache hit)
2026 http cache @vercel/prepare-flags-definitions@https://registry.npmjs.org/@vercel/prepare-flags-definitions/-/prepare-flags-definitions-0.3.0.tgz 0ms (cache hit)
2027 http cache @vercel/node@https://registry.npmjs.org/@vercel/node/-/node-5.9.3.tgz 0ms (cache hit)
2028 http cache undici@https://registry.npmjs.org/undici/-/undici-5.28.4.tgz 0ms (cache hit)
2029 http cache path-to-regexp@https://registry.npmjs.org/path-to-regexp/-/path-to-regexp-6.1.0.tgz 0ms (cache hit)
2030 http cache node-fetch@https://registry.npmjs.org/node-fetch/-/node-fetch-2.6.9.tgz 1ms (cache hit)
2031 http cache es-module-lexer@https://registry.npmjs.org/es-module-lexer/-/es-module-lexer-1.4.1.tgz 0ms (cache hit)
2032 http cache @vercel/next@https://registry.npmjs.org/@vercel/next/-/next-4.20.5.tgz 1ms (cache hit)
2033 http cache @vercel/nestjs@https://registry.npmjs.org/@vercel/nestjs/-/nestjs-0.2.111.tgz 1ms (cache hit)
2034 http cache @vercel/koa@https://registry.npmjs.org/@vercel/koa/-/koa-0.1.90.tgz 0ms (cache hit)
2035 http cache @vercel/hydrogen@https://registry.npmjs.org/@vercel/hydrogen/-/hydrogen-1.4.0.tgz 1ms (cache hit)
2036 http cache @vercel/hono@https://registry.npmjs.org/@vercel/hono/-/hono-0.2.110.tgz 0ms (cache hit)
2037 http cache zod@https://registry.npmjs.org/zod/-/zod-3.22.4.tgz 0ms (cache hit)
2038 http cache @vercel/h3@https://registry.npmjs.org/@vercel/h3/-/h3-0.1.116.tgz 1ms (cache hit)
2039 http cache @vercel/go@https://registry.npmjs.org/@vercel/go/-/go-3.10.2.tgz 0ms (cache hit)
2040 http cache @vercel/fun@https://registry.npmjs.org/@vercel/fun/-/fun-1.3.0.tgz 0ms (cache hit)
2041 http cache xdg-app-paths@https://registry.npmjs.org/xdg-app-paths/-/xdg-app-paths-5.1.0.tgz 0ms (cache hit)
2042 http cache path-to-regexp@https://registry.npmjs.org/path-to-regexp/-/path-to-regexp-8.2.0.tgz 0ms (cache hit)
2043 http cache async-listen@https://registry.npmjs.org/async-listen/-/async-listen-1.2.0.tgz 0ms (cache hit)
2044 http cache @vercel/fastify@https://registry.npmjs.org/@vercel/fastify/-/fastify-0.1.110.tgz 0ms (cache hit)
2045 http cache @vercel/express@https://registry.npmjs.org/@vercel/express/-/express-0.1.121.tgz 0ms (cache hit)
2046 http cache zod@https://registry.npmjs.org/zod/-/zod-3.22.4.tgz 0ms (cache hit)
2047 http cache @vercel/elysia@https://registry.npmjs.org/@vercel/elysia/-/elysia-0.1.107.tgz 0ms (cache hit)
2048 http cache @vercel/detect-agent@https://registry.npmjs.org/@vercel/detect-agent/-/detect-agent-1.2.3.tgz 0ms (cache hit)
2049 http cache @vercel/container@https://registry.npmjs.org/@vercel/container/-/container-0.1.0.tgz 0ms (cache hit)
2050 http cache @vercel/cli-config@https://registry.npmjs.org/@vercel/cli-config/-/cli-config-0.2.1.tgz 0ms (cache hit)
2051 http cache @vercel/cli-auth@https://registry.npmjs.org/@vercel/cli-auth/-/cli-auth-0.3.1.tgz 1ms (cache hit)
2052 http cache @vercel/build-utils@https://registry.npmjs.org/@vercel/build-utils/-/build-utils-13.36.3.tgz 0ms (cache hit)
2053 http cache @vercel/blob@https://registry.npmjs.org/@vercel/blob/-/blob-2.4.0.tgz 0ms (cache hit)
2054 http cache undici@https://registry.npmjs.org/undici/-/undici-6.28.0.tgz 0ms (cache hit)
2055 http cache @vercel/backends@https://registry.npmjs.org/@vercel/backends/-/backends-0.8.30.tgz 0ms (cache hit)
2056 silly tarball no local data for brace-expansion@https://registry.npmjs.org/brace-expansion/-/brace-expansion-1.1.18.tgz. Extracting by manifest.
2057 silly tarball no local data for get-tsconfig@https://registry.npmjs.org/get-tsconfig/-/get-tsconfig-4.14.1.tgz. Extracting by manifest.
2058 silly tarball no local data for vercel@https://registry.npmjs.org/vercel/-/vercel-58.4.4.tgz. Extracting by manifest.
2059 silly tarball no local data for @vercel/gatsby-plugin-vercel-builder@https://registry.npmjs.org/@vercel/gatsby-plugin-vercel-builder/-/gatsby-plugin-vercel-builder-2.2.33.tgz. Extracting by manifest.
2060 silly tarball no local data for brace-expansion@https://registry.npmjs.org/brace-expansion/-/brace-expansion-5.0.9.tgz. Extracting by manifest.
2061 silly tarball no local data for acorn@https://registry.npmjs.org/acorn/-/acorn-8.18.0.tgz. Extracting by manifest.
2062 silly tarball no local data for @vercel/cervel@https://registry.npmjs.org/@vercel/cervel/-/cervel-0.1.38.tgz. Extracting by manifest.
2063 silly tarball no local data for @vercel/static-build@https://registry.npmjs.org/@vercel/static-build/-/static-build-2.11.13.tgz. Extracting by manifest.
2064 silly tarball no local data for @vercel/python@https://registry.npmjs.org/@vercel/python/-/python-6.54.1.tgz. Extracting by manifest.
2065 silly tarball no local data for @vercel/node@https://registry.npmjs.org/@vercel/node/-/node-5.9.3.tgz. Extracting by manifest.
2066 silly tarball no local data for @vercel/next@https://registry.npmjs.org/@vercel/next/-/next-4.20.5.tgz. Extracting by manifest.
2067 silly tarball no local data for @vercel/nestjs@https://registry.npmjs.org/@vercel/nestjs/-/nestjs-0.2.111.tgz. Extracting by manifest.
2068 silly tarball no local data for @vercel/koa@https://registry.npmjs.org/@vercel/koa/-/koa-0.1.90.tgz. Extracting by manifest.
2069 silly tarball no local data for @vercel/hono@https://registry.npmjs.org/@vercel/hono/-/hono-0.2.110.tgz. Extracting by manifest.
2070 silly tarball no local data for @vercel/h3@https://registry.npmjs.org/@vercel/h3/-/h3-0.1.116.tgz. Extracting by manifest.
2071 silly tarball no local data for @vercel/fastify@https://registry.npmjs.org/@vercel/fastify/-/fastify-0.1.110.tgz. Extracting by manifest.
2072 silly tarball no local data for @vercel/express@https://registry.npmjs.org/@vercel/express/-/express-0.1.121.tgz. Extracting by manifest.
2073 silly tarball no local data for @vercel/elysia@https://registry.npmjs.org/@vercel/elysia/-/elysia-0.1.107.tgz. Extracting by manifest.
2074 silly tarball no local data for @vercel/build-utils@https://registry.npmjs.org/@vercel/build-utils/-/build-utils-13.36.3.tgz. Extracting by manifest.
2075 http cache zod@https://registry.npmjs.org/zod/-/zod-3.22.4.tgz 0ms (cache hit)
2076 silly tarball no local data for @vercel/backends@https://registry.npmjs.org/@vercel/backends/-/backends-0.8.30.tgz. Extracting by manifest.
2077 warn deprecated stream-to-promise@2.2.0: Deprecated. Use node:stream/promises and node:stream/consumers instead.
2078 http fetch GET 200 https://registry.npmjs.org/brace-expansion/-/brace-expansion-1.1.18.tgz 3253ms (cache miss)
2079 http fetch GET 200 https://registry.npmjs.org/brace-expansion/-/brace-expansion-5.0.9.tgz 3218ms (cache miss)
2080 http fetch GET 200 https://registry.npmjs.org/@vercel/cervel/-/cervel-0.1.38.tgz 3209ms (cache miss)
2081 http fetch GET 200 https://registry.npmjs.org/@vercel/fastify/-/fastify-0.1.110.tgz 3201ms (cache miss)
2082 http fetch GET 200 https://registry.npmjs.org/@vercel/elysia/-/elysia-0.1.107.tgz 3220ms (cache miss)
2083 http fetch GET 200 https://registry.npmjs.org/@vercel/express/-/express-0.1.121.tgz 3224ms (cache miss)
2084 http fetch GET 200 https://registry.npmjs.org/@vercel/gatsby-plugin-vercel-builder/-/gatsby-plugin-vercel-builder-2.2.33.tgz 3372ms (cache miss)
2085 http fetch GET 200 https://registry.npmjs.org/get-tsconfig/-/get-tsconfig-4.14.1.tgz 3551ms (cache miss)
2086 http fetch GET 200 https://registry.npmjs.org/acorn/-/acorn-8.18.0.tgz 3924ms (cache miss)
2087 http fetch GET 200 https://registry.npmjs.org/@vercel/nestjs/-/nestjs-0.2.111.tgz 4027ms (cache miss)
2088 http fetch GET 200 https://registry.npmjs.org/@vercel/hono/-/hono-0.2.110.tgz 4053ms (cache miss)
2089 http fetch GET 200 https://registry.npmjs.org/@vercel/h3/-/h3-0.1.116.tgz 4255ms (cache miss)
2090 http fetch GET 200 https://registry.npmjs.org/@vercel/koa/-/koa-0.1.90.tgz 4571ms (cache miss)
2091 http fetch GET 200 https://registry.npmjs.org/@vercel/python/-/python-6.54.1.tgz 4817ms (cache miss)
2092 http fetch GET 200 https://registry.npmjs.org/@vercel/backends/-/backends-0.8.30.tgz 5082ms (cache miss)
2093 http fetch GET 200 https://registry.npmjs.org/@vercel/static-build/-/static-build-2.11.13.tgz 5220ms (cache miss)
2094 http fetch GET 200 https://registry.npmjs.org/@vercel/next/-/next-4.20.5.tgz 5288ms (cache miss)
2095 http fetch GET 200 https://registry.npmjs.org/@vercel/node/-/node-5.9.3.tgz 5641ms (cache miss)
2096 http fetch GET 200 https://registry.npmjs.org/@vercel/build-utils/-/build-utils-13.36.3.tgz 6448ms (cache miss)
2097 warn deprecated tar@7.5.7: Old versions of tar are not supported, and contain widely publicized security vulnerabilities, which have been fixed in the current version. Please update. Support for old versions may be purchased (at exorbitant rates) by contacting i@izs.me
2098 http fetch GET 200 https://registry.npmjs.org/vercel/-/vercel-58.4.4.tgz 7419ms (cache miss)
2099 info run esbuild@0.27.0 postinstall node_modules/vercel/node_modules/esbuild node install.js
2100 info run esbuild@0.27.0 postinstall { code: 0, signal: null }
2101 silly ADD node_modules/vercel
2102 silly ADD node_modules/vercel/node_modules/concat-map
2103 silly ADD node_modules/vercel/node_modules/balanced-match
2104 silly ADD node_modules/vercel/node_modules/brace-expansion
2105 silly ADD node_modules/vercel/node_modules/events-intercept
2106 silly ADD node_modules/vercel/node_modules/pend
2107 silly ADD node_modules/vercel/node_modules/fd-slicer
2108 silly ADD node_modules/vercel/node_modules/buffer-crc32
2109 silly ADD node_modules/vercel/node_modules/yauzl-clone
2110 silly ADD node_modules/vercel/node_modules/yauzl
2111 silly ADD node_modules/vercel/node_modules/xdg-portable
2112 silly ADD node_modules/vercel/node_modules/os-paths
2113 silly ADD node_modules/vercel/node_modules/isexe
2114 silly ADD node_modules/vercel/node_modules/webidl-conversions
2115 silly ADD node_modules/vercel/node_modules/tr46
2116 silly ADD node_modules/vercel/node_modules/punycode
2117 silly ADD node_modules/vercel/node_modules/@fastify/busboy
2118 silly ADD node_modules/vercel/node_modules/resolve-pkg-maps
2119 silly ADD node_modules/vercel/node_modules/get-tsconfig
2120 silly ADD node_modules/vercel/node_modules/is-number
2121 silly ADD node_modules/vercel/node_modules/queue-microtask
2122 silly ADD node_modules/vercel/node_modules/to-regex-range
2123 silly ADD node_modules/vercel/node_modules/fill-range
2124 silly ADD node_modules/vercel/node_modules/braces
2125 silly ADD node_modules/vercel/node_modules/is-extglob
2126 silly ADD node_modules/vercel/node_modules/is-glob
2127 silly ADD node_modules/vercel/node_modules/reusify
2128 silly ADD node_modules/vercel/node_modules/run-parallel
2129 silly ADD node_modules/vercel/node_modules/fastq
2130 silly ADD node_modules/vercel/node_modules/@nodelib/fs.scandir
2131 silly ADD node_modules/vercel/node_modules/micromatch
2132 silly ADD node_modules/vercel/node_modules/micromatch/node_modules/picomatch
2133 silly ADD node_modules/vercel/node_modules/merge2
2134 silly ADD node_modules/vercel/node_modules/glob-parent
2135 silly ADD node_modules/vercel/node_modules/@nodelib/fs.walk
2136 silly ADD node_modules/vercel/node_modules/@nodelib/fs.stat
2137 silly ADD node_modules/vercel/node_modules/path-browserify
2138 silly ADD node_modules/vercel/node_modules/mkdirp
2139 silly ADD node_modules/vercel/node_modules/fast-glob
2140 silly ADD node_modules/vercel/node_modules/code-block-writer
2141 silly ADD node_modules/vercel/node_modules/@ts-morph/common
2142 silly ADD node_modules/vercel/node_modules/@ts-morph/common/node_modules/minimatch
2143 silly ADD node_modules/vercel/node_modules/convert-hrtime
2144 silly ADD node_modules/vercel/node_modules/bare-events
2145 silly ADD node_modules/vercel/node_modules/text-decoder
2146 silly ADD node_modules/vercel/node_modules/events-universal
2147 silly ADD node_modules/vercel/node_modules/streamx
2148 silly ADD node_modules/vercel/node_modules/fast-fifo
2149 silly ADD node_modules/vercel/node_modules/b4a
2150 silly ADD node_modules/vercel/node_modules/yallist
2151 silly ADD node_modules/vercel/node_modules/minizlib
2152 silly ADD node_modules/vercel/node_modules/chownr
2153 silly ADD node_modules/vercel/node_modules/@isaacs/fs-minipass
2154 silly ADD node_modules/vercel/node_modules/stream-to-array
2155 silly ADD node_modules/vercel/node_modules/any-promise
2156 silly ADD node_modules/vercel/node_modules/shebang-regex
2157 silly ADD node_modules/vercel/node_modules/tar-stream
2158 silly ADD node_modules/vercel/node_modules/jsonlines
2159 silly ADD node_modules/vercel/node_modules/@workflow/serde
2160 silly ADD node_modules/vercel/node_modules/@vercel/oidc
2161 silly ADD node_modules/vercel/node_modules/ws
2162 silly ADD node_modules/vercel/node_modules/@vercel/sandbox
2163 silly ADD node_modules/vercel/node_modules/@vercel/sandbox/node_modules/xdg-app-paths
2164 silly ADD node_modules/vercel/node_modules/@vercel/sandbox/node_modules/undici
2165 silly ADD node_modules/vercel/node_modules/@vercel/sandbox/node_modules/picocolors
2166 silly ADD node_modules/vercel/node_modules/@vercel/sandbox/node_modules/ms
2167 silly ADD node_modules/vercel/node_modules/@vercel/sandbox/node_modules/jose
2168 silly ADD node_modules/vercel/node_modules/@rolldown/pluginutils
2169 silly ADD node_modules/vercel/node_modules/@rolldown/binding-android-arm64
2170 silly ADD node_modules/vercel/node_modules/@oxc-project/types
2171 silly ADD node_modules/vercel/node_modules/safer-buffer
2172 silly ADD node_modules/vercel/node_modules/toidentifier
2173 silly ADD node_modules/vercel/node_modules/statuses
2174 silly ADD node_modules/vercel/node_modules/setprototypeof
2175 silly ADD node_modules/vercel/node_modules/inherits
2176 silly ADD node_modules/vercel/node_modules/depd
2177 silly ADD node_modules/vercel/node_modules/unpipe
2178 silly ADD node_modules/vercel/node_modules/iconv-lite
2179 silly ADD node_modules/vercel/node_modules/http-errors
2180 silly ADD node_modules/vercel/node_modules/bytes
2181 silly ADD node_modules/vercel/node_modules/wrappy
2182 silly ADD node_modules/vercel/node_modules/once
2183 silly ADD node_modules/vercel/node_modules/end-of-stream
2184 silly ADD node_modules/vercel/node_modules/parse-ms
2185 silly ADD node_modules/vercel/node_modules/lru-cache
2186 silly ADD node_modules/vercel/node_modules/@oxc-transform/binding-android-arm64
2187 silly ADD node_modules/vercel/node_modules/is-wsl
2188 silly ADD node_modules/vercel/node_modules/is-docker
2189 silly ADD node_modules/vercel/node_modules/define-lazy-prop
2190 silly ADD node_modules/vercel/node_modules/mimic-fn
2191 silly ADD node_modules/vercel/node_modules/abbrev
2192 silly ADD node_modules/vercel/node_modules/whatwg-url
2193 silly ADD node_modules/vercel/node_modules/@isaacs/balanced-match
2194 silly ADD node_modules/vercel/node_modules/@isaacs/brace-expansion
2195 silly ADD node_modules/vercel/node_modules/mime-db
2196 silly ADD node_modules/vercel/node_modules/raw-body
2197 silly ADD node_modules/vercel/node_modules/content-type
2198 silly ADD node_modules/vercel/node_modules/arg
2199 silly ADD node_modules/vercel/node_modules/ts-toolbelt
2200 silly ADD node_modules/vercel/node_modules/@types/json-schema
2201 silly ADD node_modules/vercel/node_modules/argparse
2202 silly ADD node_modules/vercel/node_modules/agent-base
2203 silly ADD node_modules/vercel/node_modules/path-scurry
2204 silly ADD node_modules/vercel/node_modules/minipass
2205 silly ADD node_modules/vercel/node_modules/pump
2206 silly ADD node_modules/vercel/node_modules/universalify
2207 silly ADD node_modules/vercel/node_modules/jsonfile
2208 silly ADD node_modules/vercel/node_modules/which
2209 silly ADD node_modules/vercel/node_modules/shebang-command
2210 silly ADD node_modules/vercel/node_modules/path-key
2211 silly ADD node_modules/vercel/node_modules/strip-final-newline
2212 silly ADD node_modules/vercel/node_modules/p-finally
2213 silly ADD node_modules/vercel/node_modules/onetime
2214 silly ADD node_modules/vercel/node_modules/npm-run-path
2215 silly ADD node_modules/vercel/node_modules/merge-stream
2216 silly ADD node_modules/vercel/node_modules/is-stream
2217 silly ADD node_modules/vercel/node_modules/human-signals
2218 silly ADD node_modules/vercel/node_modules/get-stream
2219 silly ADD node_modules/vercel/node_modules/cross-spawn
2220 silly ADD node_modules/vercel/node_modules/@esbuild/android-arm64
2221 silly ADD node_modules/vercel/node_modules/time-span
2222 silly ADD node_modules/vercel/node_modules/signal-exit
2223 silly ADD node_modules/vercel/node_modules/pretty-ms
2224 silly ADD node_modules/vercel/node_modules/picocolors
2225 silly ADD node_modules/vercel/node_modules/mri
2226 silly ADD node_modules/vercel/node_modules/@edge-runtime/ponyfill
2227 silly ADD node_modules/vercel/node_modules/@edge-runtime/format
2228 silly ADD node_modules/vercel/node_modules/readdirp
2229 silly ADD node_modules/vercel/node_modules/file-uri-to-path
2230 silly ADD node_modules/vercel/node_modules/retry
2231 silly ADD node_modules/vercel/node_modules/uri-js
2232 silly ADD node_modules/vercel/node_modules/require-from-string
2233 silly ADD node_modules/vercel/node_modules/json-schema-traverse
2234 silly ADD node_modules/vercel/node_modules/fast-deep-equal
2235 silly ADD node_modules/vercel/node_modules/json-schema-to-ts
2236 silly ADD node_modules/vercel/node_modules/ajv
2237 silly ADD node_modules/vercel/node_modules/@sinclair/typebox
2238 silly ADD node_modules/vercel/node_modules/web-vitals
2239 silly ADD node_modules/vercel/node_modules/@vercel/gatsby-plugin-vercel-builder
2240 silly ADD node_modules/vercel/node_modules/@vercel/gatsby-plugin-vercel-analytics
2241 silly ADD node_modules/vercel/node_modules/minimatch
2242 silly ADD node_modules/vercel/node_modules/js-yaml
2243 silly ADD node_modules/vercel/node_modules/@renovatebot/pep440
2244 silly ADD node_modules/vercel/node_modules/@bytecodealliance/preview2-shim
2245 silly ADD node_modules/vercel/node_modules/undici-types
2246 silly ADD node_modules/vercel/node_modules/typescript
2247 silly ADD node_modules/vercel/node_modules/path-to-regexp-updated
2248 silly ADD node_modules/vercel/node_modules/mime-types
2249 silly ADD node_modules/vercel/node_modules/etag
2250 silly ADD node_modules/vercel/node_modules/edge-runtime
2251 silly ADD node_modules/vercel/node_modules/edge-runtime/node_modules/async-listen
2252 silly ADD node_modules/vercel/node_modules/@vercel/error-utils
2253 silly ADD node_modules/vercel/node_modules/@types/node
2254 silly ADD node_modules/vercel/node_modules/@edge-runtime/vm
2255 silly ADD node_modules/vercel/node_modules/@edge-runtime/primitives
2256 silly ADD node_modules/vercel/node_modules/@edge-runtime/node-utils
2257 silly ADD node_modules/vercel/node_modules/@types/estree
2258 silly ADD node_modules/vercel/node_modules/nopt
2259 silly ADD node_modules/vercel/node_modules/https-proxy-agent
2260 silly ADD node_modules/vercel/node_modules/detect-libc
2261 silly ADD node_modules/vercel/node_modules/consola
2262 silly ADD node_modules/vercel/node_modules/resolve-from
2263 silly ADD node_modules/vercel/node_modules/picomatch
2264 silly ADD node_modules/vercel/node_modules/node-gyp-build
2265 silly ADD node_modules/vercel/node_modules/graceful-fs
2266 silly ADD node_modules/vercel/node_modules/glob
2267 silly ADD node_modules/vercel/node_modules/glob/node_modules/balanced-match
2268 silly ADD node_modules/vercel/node_modules/glob/node_modules/brace-expansion
2269 silly ADD node_modules/vercel/node_modules/glob/node_modules/minimatch
2270 silly ADD node_modules/vercel/node_modules/estree-walker
2271 silly ADD node_modules/vercel/node_modules/bindings
2272 silly ADD node_modules/vercel/node_modules/async-sema
2273 silly ADD node_modules/vercel/node_modules/acorn-import-attributes
2274 silly ADD node_modules/vercel/node_modules/acorn
2275 silly ADD node_modules/vercel/node_modules/@rollup/pluginutils
2276 silly ADD node_modules/vercel/node_modules/@mapbox/node-pre-gyp
2277 silly ADD node_modules/vercel/node_modules/yauzl-promise
2278 silly ADD node_modules/vercel/node_modules/uid-promise
2279 silly ADD node_modules/vercel/node_modules/tree-kill
2280 silly ADD node_modules/vercel/node_modules/tinyexec
2281 silly ADD node_modules/vercel/node_modules/tar
2282 silly ADD node_modules/vercel/node_modules/stream-to-promise
2283 silly ADD node_modules/vercel/node_modules/stream-to-promise/node_modules/once
2284 silly ADD node_modules/vercel/node_modules/stream-to-promise/node_modules/end-of-stream
2285 silly ADD node_modules/vercel/node_modules/stat-mode
2286 silly ADD node_modules/vercel/node_modules/semver
2287 silly ADD node_modules/vercel/node_modules/semver/node_modules/yallist
2288 silly ADD node_modules/vercel/node_modules/semver/node_modules/lru-cache
2289 silly ADD node_modules/vercel/node_modules/promisepipe
2290 silly ADD node_modules/vercel/node_modules/node-fetch
2291 silly ADD node_modules/vercel/node_modules/ms
2292 silly ADD node_modules/vercel/node_modules/micro
2293 silly ADD node_modules/vercel/node_modules/generic-pool
2294 silly ADD node_modules/vercel/node_modules/debug
2295 silly ADD node_modules/vercel/node_modules/debug/node_modules/ms
2296 silly ADD node_modules/vercel/node_modules/@tootallnate/once
2297 silly ADD node_modules/vercel/node_modules/@vercel/cervel
2298 silly ADD node_modules/vercel/node_modules/xdg-app-paths
2299 silly ADD node_modules/vercel/node_modules/open
2300 silly ADD node_modules/vercel/node_modules/async-listen
2301 silly ADD node_modules/vercel/node_modules/@napi-rs/keyring
2302 silly ADD node_modules/vercel/node_modules/es-module-lexer
2303 silly ADD node_modules/vercel/node_modules/cjs-module-lexer
2304 silly ADD node_modules/vercel/node_modules/@vercel/python-analysis
2305 silly ADD node_modules/vercel/node_modules/@vercel/python-analysis/node_modules/zod
2306 silly ADD node_modules/vercel/node_modules/@vercel/python-analysis/node_modules/fs-extra
2307 silly ADD node_modules/vercel/node_modules/throttleit
2308 silly ADD node_modules/vercel/node_modules/is-node-process
2309 silly ADD node_modules/vercel/node_modules/is-buffer
2310 silly ADD node_modules/vercel/node_modules/async-retry
2311 silly ADD node_modules/vercel/node_modules/tsx
2312 silly ADD node_modules/vercel/node_modules/ts-morph
2313 silly ADD node_modules/vercel/node_modules/srvx
2314 silly ADD node_modules/vercel/node_modules/rolldown
2315 silly ADD node_modules/vercel/node_modules/resolve.exports
2316 silly ADD node_modules/vercel/node_modules/path-to-regexp
2317 silly ADD node_modules/vercel/node_modules/oxc-transform
2318 silly ADD node_modules/vercel/node_modules/get-port
2319 silly ADD node_modules/vercel/node_modules/fs-extra
2320 silly ADD node_modules/vercel/node_modules/execa
2321 silly ADD node_modules/vercel/node_modules/execa/node_modules/signal-exit
2322 silly ADD node_modules/vercel/node_modules/@vercel/static-config
2323 silly ADD node_modules/vercel/node_modules/@vercel/nft
2324 silly ADD node_modules/vercel/node_modules/zod
2325 silly ADD node_modules/vercel/node_modules/undici
2326 silly ADD node_modules/vercel/node_modules/smol-toml
2327 silly ADD node_modules/vercel/node_modules/sandbox
2328 silly ADD node_modules/vercel/node_modules/sandbox/node_modules/ms
2329 silly ADD node_modules/vercel/node_modules/sandbox/node_modules/debug
2330 silly ADD node_modules/vercel/node_modules/luxon
2331 silly ADD node_modules/vercel/node_modules/jsonc-parser
2332 silly ADD node_modules/vercel/node_modules/jose
2333 silly ADD node_modules/vercel/node_modules/esbuild
2334 silly ADD node_modules/vercel/node_modules/chokidar
2335 silly ADD node_modules/vercel/node_modules/@vercel/static-build
2336 silly ADD node_modules/vercel/node_modules/@vercel/rust
2337 silly ADD node_modules/vercel/node_modules/@vercel/rust/node_modules/signal-exit
2338 silly ADD node_modules/vercel/node_modules/@vercel/rust/node_modules/human-signals
2339 silly ADD node_modules/vercel/node_modules/@vercel/rust/node_modules/get-stream
2340 silly ADD node_modules/vercel/node_modules/@vercel/rust/node_modules/execa
2341 silly ADD node_modules/vercel/node_modules/@vercel/ruby
2342 silly ADD node_modules/vercel/node_modules/@vercel/remix-builder
2343 silly ADD node_modules/vercel/node_modules/@vercel/remix-builder/node_modules/path-to-regexp
2344 silly ADD node_modules/vercel/node_modules/@vercel/redwood
2345 silly ADD node_modules/vercel/node_modules/@vercel/redwood/node_modules/semver
2346 silly ADD node_modules/vercel/node_modules/@vercel/python
2347 silly ADD node_modules/vercel/node_modules/@vercel/prepare-flags-definitions
2348 silly ADD node_modules/vercel/node_modules/@vercel/node
2349 silly ADD node_modules/vercel/node_modules/@vercel/node/node_modules/undici
2350 silly ADD node_modules/vercel/node_modules/@vercel/node/node_modules/path-to-regexp
2351 silly ADD node_modules/vercel/node_modules/@vercel/node/node_modules/node-fetch
2352 silly ADD node_modules/vercel/node_modules/@vercel/node/node_modules/es-module-lexer
2353 silly ADD node_modules/vercel/node_modules/@vercel/next
2354 silly ADD node_modules/vercel/node_modules/@vercel/nestjs
2355 silly ADD node_modules/vercel/node_modules/@vercel/koa
2356 silly ADD node_modules/vercel/node_modules/@vercel/hydrogen
2357 silly ADD node_modules/vercel/node_modules/@vercel/hono
2358 silly ADD node_modules/vercel/node_modules/@vercel/hono/node_modules/zod
2359 silly ADD node_modules/vercel/node_modules/@vercel/h3
2360 silly ADD node_modules/vercel/node_modules/@vercel/go
2361 silly ADD node_modules/vercel/node_modules/@vercel/fun
2362 silly ADD node_modules/vercel/node_modules/@vercel/fun/node_modules/xdg-app-paths
2363 silly ADD node_modules/vercel/node_modules/@vercel/fun/node_modules/path-to-regexp
2364 silly ADD node_modules/vercel/node_modules/@vercel/fun/node_modules/async-listen
2365 silly ADD node_modules/vercel/node_modules/@vercel/fastify
2366 silly ADD node_modules/vercel/node_modules/@vercel/express
2367 silly ADD node_modules/vercel/node_modules/@vercel/express/node_modules/zod
2368 silly ADD node_modules/vercel/node_modules/@vercel/elysia
2369 silly ADD node_modules/vercel/node_modules/@vercel/detect-agent
2370 silly ADD node_modules/vercel/node_modules/@vercel/container
2371 silly ADD node_modules/vercel/node_modules/@vercel/cli-config
2372 silly ADD node_modules/vercel/node_modules/@vercel/cli-auth
2373 silly ADD node_modules/vercel/node_modules/@vercel/build-utils
2374 silly ADD node_modules/vercel/node_modules/@vercel/blob
2375 silly ADD node_modules/vercel/node_modules/@vercel/blob/node_modules/undici
2376 silly ADD node_modules/vercel/node_modules/@vercel/backends
2377 silly ADD node_modules/vercel/node_modules/@vercel/backends/node_modules/zod
2378 warn allow-scripts 1 package has install scripts not yet covered by allowScripts:
2378 warn allow-scripts   esbuild@0.27.0 (postinstall: node install.js)
2378 warn allow-scripts
2378 warn allow-scripts Run `npm install -g --allow-scripts=esbuild` to allow these scripts once, or `npm config set allow-scripts=esbuild --location=user` to allow them for all global installs.
2379 verbose cwd /data/data/com.termux/files/home/grahms-blogsite
2380 verbose os Linux 6.12.38-android16-5-abA075FXXS6CZF6-4k
2381 verbose node v26.4.0
2382 verbose npm  v11.18.0
2383 verbose exit 0
2384 info ok
